District Officer Roles,Role,Precinct,Old Pct#,New Precinct #,New Pct#,DC,HD,SD,CD,Comm D
,DC,6260303102,102,6260303102,102,1,3,26,6,1
,PCP,6260303101,101,6260303101,101,1,3,26,6,1
,PCP,6260303101,101,6260303101,101,1,3,26,6,1
,PCP,6260303102,102,6260303102,102,1,3,26,6,1
,PCP,6260303102,102,6260303102,102,1,3,26,6,1
,PCP,6260303103,103,6260303103,103,1,3,26,6,1
,PCP,6260303103,103,6260303103,103,1,3,26,6,1
,PCP,6260303104,104,6260303104,104,1,3,26,6,1
,PCP,6260303104,104,6260303104,104,1,3,26,6,1
,PCP,6260303105,105,6260303105,105,1,3,26,6,1
,PCP,6260303105,105,6260303105,105,1,3,26,6,1
,PCP,6260303106,106,6260303106,106,1,3,26,6,1
,PCP,6260303106,106,6260303106,106,1,3,26,6,1
,PCP,6260303115,115,6260303115,115,1,3,26,6,1
,PCP,6260303115,115,6260303115,115,1,3,26,6,1
,PCP,6260303116,116,6260303116,116,1,3,26,6,1
,PCP,6260303116,116,6260303116,116,1,3,26,6,1
,PCP,6260303120,120,6260303120,120,1,3,26,6,1
,PCP,6260303120,120,6260303120,120,1,3,26,6,1
,PCP,6260303121,121,6260303121,121,1,3,26,6,1
,PCP,6260303121,121,6260303121,121,1,3,26,6,1
HD3 - VC,DC,6260303110,110,6260303110,110,2,3,26,6,1
,PCP,6260303107,107,6260303107,107,2,3,26,6,1
,PCP,6260303107,107,6260303107,107,2,3,26,6,1
,PCP,6260303108,108,6260303108,108,2,3,26,6,1
,PCP,6260303108,108,6260303108,108,2,3,26,6,1
,PCP,6260303109,109,6260303109,109,2,3,26,6,1
,PCP,6260303109,109,6260303109,109,2,3,26,6,1
,PCP,6260303110,110,6260303110,110,2,3,26,6,1
,PCP,6260303110,110,6260303110,110,2,3,26,6,1
,PCP,6260303111,111,6260303111,111,2,3,26,6,1
,PCP,6260303111,111,6260303111,111,2,3,26,6,1
,PCP,6260303112,112,6260303112,112,2,3,26,6,1
,PCP,6260303112,112,6260303112,112,2,3,26,6,1
,PCP,6260303113,113,6260303113,113,2,3,26,6,1
,PCP,6260303113,113,6260303113,113,2,3,26,6,1
,PCP,6260303114,114,6260303114,114,2,3,26,6,1
,PCP,6260303114,114,6260303114,114,2,3,26,6,1
,PCP,6260303131,131,6260303131,131,2,3,26,6,1
,PCP,6260303131,131,6260303131,131,2,3,26,6,1
,PCP,6260303132,132,6260303132,132,2,3,26,6,1
,PCP,6260303132,132,6260303132,132,2,3,26,6,1
,PCP,6260303133,133,6260303133,133,2,3,26,6,1
,PCP,6260303133,133,6260303133,133,2,3,26,6,1
,PCP,6260303134,134,6260303134,134,2,3,26,6,1
,PCP,6260303134,134,6260303134,134,2,3,26,6,1
,PCP,6260303135,135,6260303135,135,2,3,26,6,1
,PCP,6260303135,135,6260303135,135,2,3,26,6,1
,PCP,6260303136,136,6260303136,136,2,3,26,6,1
,PCP,6260303136,136,6260303136,136,2,3,26,6,1
,PCP,,230,,230,2,3,,,
,DC,6260303122,140,6260303122,122,3,3,26,6,1
,PCP,6260303117,117,6260303117,117,3,3,26,6,1
,PCP,6260303117,117,6260303117,117,3,3,26,6,1
,PCP,6260303118,118,6260303118,118,3,3,26,6,1
,PCP,6260303118,118,6260303118,118,3,3,26,6,1
,PCP,6260303119,119,6260303119,119,3,3,26,6,1
,PCP,6260303119,119,6260303119,119,3,3,26,6,1
,PCP,6260303122,122,6260303122,122,3,3,26,6,1
,PCP,6260303122,122,6260303122,122,3,3,26,6,1
,PCP,6260303140,140,6260303122,122,3,3,26,6,1
,PCP,6260303123,123,6260303123,123,3,3,26,6,1
,PCP,6260303123,123,6260303123,123,3,3,26,6,1
,PCP,6260303124,124,6260303124,124,3,3,26,6,1
,PCP,6260303124,124,6260303124,124,3,3,26,6,1
,PCP,6260303125,125,6260303125,125,3,3,26,6,1
,PCP,6260303125,125,6260303125,125,3,3,26,6,1
,PCP,6260303128,128,6260303128,128,3,3,26,6,1
,PCP,6260303128,128,6260303128,128,3,3,26,6,1
,PCP,6260303129,129,6260303129,129,3,3,26,6,1
,PCP,6260303129,129,6260303129,129,3,3,26,6,1
,PCP,6260303130,130,6260303130,130,3,3,26,6,1
CommD1-C,PCP,6260303130,130,6260303130,130,3,3,26,6,1
,DC,6163803141,141,6163803141,141,4,38,16,6,1
,PCP,6163803141,141,6163803141,141,4,38,16,6,1
,PCP,6163803141,141,6163803141,141,4,38,16,6,1
,PCP,6163803142,142,6163803142,142,4,38,16,6,1
,PCP,6163803142,142,6163803142,142,4,38,16,6,1
,PCP,6163803143,143,6163803143,143,4,38,16,6,1
,PCP,6163803143,143,6163803143,143,4,38,16,6,1
,PCP,6163803144,144,6163803144,144,4,38,16,6,1
,PCP,6163803144,144,6163803144,144,4,38,16,6,1
,PCP,6163803146,146,6163803146,146,4,38,16,6,1
,PCP,6163803146,146,6163803146,146,4,38,16,6,1
,PCP,6163803147,147,6163803147,147,4,38,16,6,1
,PCP,6163803147,147,6163803147,147,4,38,16,6,1
,PCP,6163803149,149,6163803149,149,4,38,16,6,1
,PCP,6163803149,149,6163803149,149,4,38,16,6,1
,PCP,6163803151,151,6163803151,151,4,38,16,6,1
,PCP,6163803151,151,6163803151,151,4,38,16,6,1
,PCP,6163803152,152,6163803152,152,4,38,16,6,1
,PCP,6163803152,152,6163803152,152,4,38,16,6,1
,PCP,6163803153,153,6163803153,153,4,38,16,6,1
,PCP,6163803153,153,6163803153,153,4,38,16,6,1
,DC,6163803166,166,6163803166,126,5,38,16,6,1
,PCP,6163803126,126,6163803126,126,5,38,16,6,1
CommD1-VC,PCP,6163803126,126,6163803126,126,5,38,16,6,1
,PCP,6163803154,154,6163803154,154,5,38,16,6,1
,PCP,6163803154,154,6163803154,154,5,38,16,6,1
,PCP,6163803158,158,6163803158,158,5,38,16,6,1
,PCP,6163803158,158,6163803158,158,5,38,16,6,1
,PCP,6163803159,159,6163803159,159,5,38,16,6,1
,PCP,6163803159,159,6163803159,159,5,38,16,6,1
,PCP,6163803160,160,6163803160,160,5,38,16,6,1
,PCP,6163803160,160,6163803160,160,5,38,16,6,1
,PCP,6163803161,161,6163803161,161,5,38,16,6,1
,PCP,6163803161,161,6163803161,161,5,38,16,6,1
,PCP,6163803162,162,6163803162,162,5,38,16,6,1
,PCP,6163803162,162,6163803162,162,5,38,16,6,1
,PCP,6163803163,163,6163803163,163,5,38,16,6,1
,PCP,6163803163,163,6163803163,163,5,38,16,6,1
,PCP,6163803165,165,6163803165,165,5,38,16,6,1
,PCP,6163803165,165,6163803165,165,5,38,16,6,1
,PCP,6163803166,166,6163803166,166,5,38,16,6,1
,PCP,6163803166,166,6163803166,166,5,38,16,6,1
,PCP,6163803167,167,6163803167,167,5,38,16,6,1
,PCP,6163803167,167,6163803167,167,5,38,16,6,1
,DC,6163803172,172,6163803175,172,6,38,16,6,1
,PCP,6163803150,150,6163803150,150,6,38,16,6,1
,PCP,6163803150,150,6163803150,150,6,38,16,6,1
,PCP,6163803155,155,6163803155,155,6,38,16,6,1
,PCP,6163803155,155,6163803155,155,6,38,16,6,1
,PCP,6163803156,156,6163803156,156,6,38,16,6,1
,PCP,6163803156,156,6163803156,156,6,38,16,6,1
,PCP,6163803168,168,6163803168,168,6,38,16,6,1
,PCP,6163803168,168,6163803168,168,6,38,16,6,1
,PCP,6163803169,169,6163803169,169,6,38,16,6,1
,PCP,6163803169,169,6163803169,169,6,38,16,6,1
,PCP,6163803170,170,6163803170,170,6,38,16,6,1
,PCP,6163803170,170,6163803170,170,6,38,16,6,1
,PCP,6163803171,171,6163803171,171,6,38,16,6,1
,PCP,6163803171,171,6163803171,171,6,38,16,6,1
,PCP,6163803172,172,6163803172,172,6,38,16,6,1
,PCP,6163803172,172,6163803172,172,6,38,16,6,1
,PCP,6163803173,173,6163803173,173,6,38,16,6,1
,PCP,6163803173,173,6163803173,173,6,38,16,6,1
,PCP,6163803174,174,6163803174,174,6,38,16,6,1
,PCP,6163803174,174,6163803174,174,6,38,16,6,1
,PCP,6163803175,175,6163803175,175,6,38,16,6,1
,PCP,6163803175,175,6163803175,175,6,38,16,6,1
,PCP,6163803176,176,6163803176,176,6,38,16,6,1
,PCP,6163803176,176,6163803176,176,6,38,16,6,1
,DC,6163803177,177,6163803177,177,7,38,16,6,1
,PCP,6163803205,205,6163803127,127,7,38,16,6,1
,PCP,6163803205,205,6163803127,127,7,38,16,6,1
,PCP,6163803206,206,6163803140,140,7,38,16,6,1
,PCP,6163803206,206,6163803140,140,7,38,16,6,1
,PCP,6163803164,164,6163803164,164,7,38,16,6,1
,PCP,6163803164,164,6163803164,164,7,38,16,6,1
,PCP,6163803177,177,6163803177,177,7,38,16,6,1
,PCP,6163803177,177,6163803177,177,7,38,16,6,1
,PCP,6163803178,178,6163803178,178,7,38,16,6,1
,PCP,6163803178,178,6163803178,178,7,38,16,6,1
,PCP,6163803179,179,6163803179,179,7,38,16,6,1
,PCP,6163803179,179,6163803179,179,7,38,16,6,1
,PCP,6163803180,180,6163803180,180,7,38,16,6,1
,PCP,6163803180,180,6163803180,180,7,38,16,6,1
,PCP,6163803182,182,6163803182,182,7,38,16,6,1
,PCP,6163803182,182,6163803182,182,7,38,16,6,1
,PCP,6163803183,183,6163803183,183,7,38,16,6,1
,PCP,6163803183,183,6163803183,183,7,38,16,6,1
,PCP,6163803184,184,6163803184,184,7,38,16,6,1
,PCP,6163803184,184,6163803184,184,7,38,16,6,1
CommD1-S,PCP,6163803185,185,6163803185,185,7,38,16,6,1
,PCP,6163803185,185,6163803185,185,7,38,16,6,1
,DC,6163803186,186,6163803186,193,8,38,16,6,1
HD38 - S,PCP,6163803186,186,6163803186,186,8,38,16,6,1
,PCP,6163803186,186,6163803186,186,8,38,16,6,1
,PCP,6163803187,187,6163803187,187,8,38,16,6,1
,PCP,6163803187,187,6163803187,187,8,38,16,6,1
,PCP,6163803188,188,6163803188,188,8,38,16,6,1
,PCP,6163803188,188,6163803188,188,8,38,16,6,1
,PCP,6163803189,189,6163803189,189,8,38,16,6,1
,PCP,6163803189,189,6163803189,189,8,38,16,6,1
,PCP,6163803190,190,6163803190,190,8,38,16,6,1
,PCP,6163803190,190,6163803190,190,8,38,16,6,1
,PCP,6163803191,191,6163803191,191,8,38,16,6,1
,PCP,6163803191,191,6163803191,191,8,38,16,6,1
,PCP,6163803192,192,6163803192,192,8,38,16,6,1
,PCP,6163803192,192,6163803192,192,8,38,16,6,1
,PCP,6163803193,193,6163803193,193,8,38,16,6,1
,PCP,6163803193,193,6163803193,193,8,38,16,6,1
,PCP,6163803194,194,6163803194,194,8,38,16,6,1
,PCP,6163803194,194,6163803194,194,8,38,16,6,1
,PCP,6163803195,195,6163803195,195,8,38,16,6,1
,PCP,6163803195,195,6163803195,195,8,38,16,6,1
,PCP,6163803196,196,6163803196,196,8,38,16,6,1
,PCP,6163803196,196,6163803196,196,8,38,16,6,1
,PCP,6163803197,197,6163803197,197,8,38,16,6,1
,PCP,6163803197,197,6163803197,197,8,38,16,6,1
,DC,6163703211,211,6163703211,211,9,37,16,6,2
,PCP,6163803148,148,6163703147,148,9,37,16,6,1
,PCP,6163803148,148,6163703147,148,9,37,16,6,1
,,,,6163703181,181,9,37,16,6,1
,,,,6163703181,181,9,37,16,6,1
,PCP,6163703199,199,6163703199,199,9,37,16,6,1
,PCP,6163703199,199,6163703199,199,9,37,16,6,1
,PCP,6263703201,201,6263703201,201,9,37,26,6,2
,PCP,6263703201,201,6263703201,201,9,37,26,6,2
,PCP,6263703202,202,6263703202,202,9,37,26,6,2
,PCP,6263703202,202,6263703202,202,9,37,26,6,2
,PCP,6263703203,203,6263703203,203,9,37,26,6,2
,PCP,6263703203,203,6263703203,203,9,37,26,6,2
,PCP,6263703204,204,6263703204,204,9,37,26,6,2
,PCP,6263703204,204,6263703204,204,9,37,26,6,2
,PCP,6163703208,208,6163703208,208,9,37,16,6,2
,PCP,6163703208,208,6163703208,208,9,37,16,6,2
"HD37-VC, CommD2-VC",PCP,6163703209,209,6163703209,209,9,37,16,6,2
,PCP,6163703209,209,6163703209,209,9,37,16,6,2
,PCP,6163703210,210,6163703210,210,9,37,16,6,2
,PCP,6163703210,210,6163703210,210,9,37,16,6,2
,PCP,6163703211,211,6163703211,211,9,37,16,6,2
,PCP,6163703211,211,6163703211,211,9,37,16,6,2
,PCP,6163703212,212,6163703212,212,9,37,16,6,2
,PCP,6163703212,212,6163703212,212,9,37,16,6,2
,PCP,6163703214,214,6163703214,214,9,37,16,6,2
,PCP,6163703214,214,6163703214,214,9,37,16,6,2
CommD2-C,DC,6163703228,228,6163703228,228,10,37,16,6,2
,PCP,6163703217,217,6163703217,217,10,37,16,6,2
,PCP,6163703217,217,6163703217,217,10,37,16,6,2
,PCP,6163703218,218,6163703218,218,10,37,16,6,2
,PCP,6163703218,218,6163703218,218,10,37,16,6,2
,PCP,6163703219,219,6163703219,219,10,37,16,6,2
,PCP,6163703219,219,6163703219,219,10,37,16,6,2
,PCP,6163703220,220,6163703220,220,10,37,16,6,2
,PCP,6163703220,220,6163703220,220,10,37,16,6,2
,PCP,6163703221,221,6163703221,221,10,37,16,6,2
,PCP,6163703221,221,6163703221,221,10,37,16,6,2
,PCP,6163703221,221,6163703221,221,10,37,16,6,2
,PCP,6163703222,222,6163703222,222,10,37,16,6,2
,PCP,6163703222,222,6163703222,222,10,37,16,6,2
,PCP,6163703223,223,6163703223,223,10,37,16,6,2
,PCP,6163703223,223,6163703223,223,10,37,16,6,2
,PCP,6163703224,224,6163703224,224,10,37,16,6,2
,PCP,6163703224,224,6163703224,224,10,37,16,6,2
,PCP,6163703225,225,6163703225,225,10,37,16,6,2
,PCP,6163703225,225,6163703225,225,10,37,16,6,2
,PCP,6163703226,226,6163703226,226,10,37,16,6,2
,PCP,6163703226,226,6163703226,226,10,37,16,6,2
,PCP,6163703227,227,6163703227,227,10,37,16,6,2
,PCP,6163703227,227,6163703227,227,10,37,16,6,2
CommD2-S,PCP,6163703228,228,6163703228,228,10,37,16,6,2
,PCP,6163703228,228,6163703228,228,10,37,16,6,2
,PCP,6263703229,229,6263703229,229,10,37,26,6,2
,PCP,6263703229,229,6263703229,229,10,37,26,6,2
,DC,6263703250,250,6263703250,250,11,37,26,6,2
,PCP,6263703231,231,6263703231,231,11,37,26,6,2
,PCP,6263703231,231,6263703231,231,11,37,26,6,2
,PCP,6263703232,232,6263703232,232,11,37,26,6,2
,PCP,6263703232,232,6263703232,232,11,37,26,6,2
,PCP,6263703245,245,6263703245,245,11,37,26,6,2
,PCP,6263703245,245,6263703245,245,11,37,26,6,2
,PCP,6263703246,246,6263703246,246,11,37,26,6,2
,PCP,6263703246,246,6263703246,246,11,37,26,6,2
,PCP,6263703247,247,6263703247,247,11,37,26,6,2
,PCP,6263703247,247,6263703247,247,11,37,26,6,2
,PCP,6263703249,249,6263703249,249,11,37,26,6,2
,PCP,6263703249,249,6263703249,249,11,37,26,6,2
,PCP,6263703250,250,6263703250,250,11,37,26,6,2
,PCP,6263703250,250,6263703250,250,11,37,26,6,2
,PCP,6263703251,251,6263703251,251,11,37,26,6,2
HD37-S,PCP,6263703251,251,6263703251,251,11,37,26,6,2
,PCP,6263703252,252,6263703252,252,11,37,26,6,2
,PCP,6263703252,252,6263703252,252,11,37,26,6,2
,PCP,6263703253,253,6263703253,253,11,37,26,6,2
,PCP,6263703253,253,6263703253,253,11,37,26,6,2
,PCP,6263703254,254,6263703254,254,11,37,26,6,2
,PCP,6263703254,254,6263703254,254,11,37,26,6,2
,DC,6273703235,235,6273703235,235,12,37,27,6,2
,PCP,6273703233,233,6273703233,233,12,37,27,6,2
,PCP,6273703233,233,6273703233,233,12,37,27,6,2
,PCP,6263703234,234,6263703234,234,12,37,26,6,2
,PCP,6263703234,234,6263703234,234,12,37,26,6,2
,PCP,6273703235,235,6273703235,235,12,37,27,6,2
,PCP,6273703235,235,6273703235,235,12,37,27,6,2
,PCP,6273703236,236,6273703236,236,12,37,27,6,2
,PCP,6273703236,236,6273703236,236,12,37,27,6,2
,PCP,6273703237,237,6273703237,237,12,37,27,6,2
,PCP,6273703237,237,6273703237,237,12,37,27,6,2
,PCP,6273703238,238,6273703238,238,12,37,27,6,2
,PCP,6273703238,238,6273703238,238,12,37,27,6,2
,PCP,6273703239,239,6273703239,239,12,37,27,6,2
,PCP,6273703239,239,6273703239,239,12,37,27,6,2
,PCP,6273703240,240,6273703240,240,12,37,27,6,2
,PCP,6273703240,240,6273703240,240,12,37,27,6,2
,PCP,6273703241,241,6273703241,241,12,37,27,6,2
,PCP,6273703241,241,6273703241,241,12,37,27,6,2
,PCP,6273703242,242,6273703242,242,12,37,27,6,2
,PCP,6273703242,242,6273703242,242,12,37,27,6,2
,PCP,6263703248,248,6263703248,248,12,37,26,6,2
,PCP,6263703248,248,6263703248,248,12,37,26,6,2
,PCP,6273703286,286,6273703286,286,12,37,27,6,2
,PCP,6273703286,286,6273703286,286,12,37,27,6,2
HD42-VC,DC,6284203508,508,6284203508,508,13,42,28,6,5
,PCP,6284203503,503,6284203503,503,13,42,28,6,5
,PCP,6284203503,503,6284203503,503,13,42,28,6,5
,PCP,6284203504,504,6284203504,504,13,42,28,6,5
,PCP,6284203504,504,6284203504,504,13,42,28,6,5
,PCP,6284203506,506,6284203506,506,13,42,28,6,5
,PCP,6284203506,506,6284203506,506,13,42,28,6,5
,PCP,6284203507,507,6284203507,507,13,42,28,6,5
,PCP,6284203507,507,6284203507,507,13,42,28,6,5
,PCP,6284203508,508,6284203508,508,13,42,28,6,5
,PCP,6284203508,508,6284203508,508,13,42,28,6,5
,PCP,6284203525,525,6284203525,525,13,42,28,6,5
,PCP,6284203525,525,6284203525,525,13,42,28,6,5
,PCP,6284203526,526,6284203526,526,13,42,28,6,5
,PCP,6284203526,526,6284203526,526,13,42,28,6,5
,PCP,6284203527,527,6284203527,527,13,42,28,6,5
,PCP,6284203527,527,6284203527,527,13,42,28,6,5
,PCP,6284203528,528,6284203528,528,13,42,28,6,5
,PCP,6284203528,528,6284203528,528,13,42,28,6,5
,PCP,6284203529,529,6284203529,529,13,42,28,6,5
,PCP,6284203529,529,6284203529,529,13,42,28,6,5
HD42-S,DC,6284203509,509,6284203509,509,14,42,28,6,5
,PCP,6284203505,505,6284203505,505,14,42,28,6,5
,PCP,6284203505,505,6284203505,505,14,42,28,6,5
,PCP,6284203509,509,6284203509,509,14,42,28,6,5
,PCP,6284203509,509,6284203509,509,14,42,28,6,5
,PCP,6284203510,510,6284203510,510,14,42,28,6,5
,PCP,6284203510,510,6284203510,510,14,42,28,6,5
,PCP,6284203511,511,6284203511,511,14,42,28,6,5
,PCP,6284203511,511,6284203511,511,14,42,28,6,5
,PCP,6284203512,512,6284203512,512,14,42,28,6,5
,PCP,6284203512,512,6284203512,512,14,42,28,6,5
,PCP,6284203513,513,6284203513,513,14,42,28,6,5
,PCP,6284203513,513,6284203513,513,14,42,28,6,5
,PCP,6294203514,514,6294203514,514,14,42,29,6,5
,PCP,6294203514,514,6294203514,514,14,42,29,6,5
,PCP,6294203515,515,6294203515,515,14,42,29,6,5
,PCP,6294203515,515,6294203515,515,14,42,29,6,5
,PCP,6294203516,516,6294203516,516,14,42,29,6,5
,PCP,6294203516,516,6294203516,516,14,42,29,6,5
,PCP,6294203517,517,6294203517,517,14,42,29,6,5
,PCP,6294203517,517,6294203517,517,14,42,29,6,5
,PCP,6294203518,518,6294203518,518,14,42,29,6,5
,PCP,6294203518,518,6294203518,518,14,42,29,6,5
,DC,6284203523,523,6284203523,523,15,42,28,6,5
,PCP,6294203519,519,6294203519,519,15,42,29,6,5
,PCP,6294203519,519,6294203519,519,15,42,29,6,5
,PCP,6294203520,520,6294203520,520,15,42,29,6,5
,PCP,6294203520,520,6294203520,520,15,42,29,6,5
,PCP,6294203521,521,6294203521,521,15,42,29,6,5
,PCP,6294203521,521,6294203521,521,15,42,29,6,5
,PCP,6294203522,522,6294203522,522,15,42,29,6,5
,PCP,6294203522,522,6294203522,522,15,42,29,6,5
"HD42-C, CommD5-VC",PCP,6284203523,523,6284203523,523,15,42,28,6,5
,PCP,6284203523,523,6284203523,523,15,42,28,6,5
,PCP,6284203524,524,6284203524,524,15,42,28,6,5
,PCP,6284203524,524,6284203524,524,15,42,28,6,5
,PCP,6284203532,532,6284203532,532,15,42,28,6,5
,PCP,6284203532,532,6284203532,532,15,42,28,6,5
,PCP,6284203533,533,6284203533,533,15,42,28,6,5
,PCP,6284203533,533,6284203533,533,15,42,28,6,5
,PCP,6294203534,534,6294203534,534,15,42,29,6,5
,PCP,6294203534,534,6294203534,534,15,42,29,6,5
,PCP,6294203535,535,6294203535,535,15,42,29,6,5
,PCP,6294203535,535,6294203535,535,15,42,29,6,5
,PCP,6294203536,536,6294203536,536,15,42,29,6,5
,PCP,6294203536,536,6294203536,536,15,42,29,6,5
,DC,,,,,16,,,,
,PCP,6294203540,540,6294203540,540,16,42,29,6,5
,PCP,6294203540,540,6294203540,540,16,42,29,6,5
,PCP,6294203541,541,6294203541,541,16,42,29,6,5
,PCP,6294203541,541,6294203541,541,16,42,29,6,5
,PCP,6294203542,542,6294203542,542,16,42,29,6,5
,PCP,6294203542,542,6294203542,542,16,42,29,6,5
,PCP,6294203543,543,6294203543,543,16,42,29,6,5
,PCP,6294203543,543,6294203543,543,16,42,29,6,5
,PCP,6284203544,544,6284203544,544,16,42,28,6,5
,PCP,6284203544,544,6284203544,544,16,42,28,6,5
,PCP,6284203545,545,6284203545,545,16,42,28,6,5
,PCP,6284203545,545,6284203545,545,16,42,28,6,5
,PCP,6284203546,546,6284203546,546,16,42,28,6,5
,PCP,6284203546,546,6284203546,546,16,42,28,6,5
,PCP,6284203548,548,6284203548,548,16,42,28,6,5
,PCP,6284203548,548,6284203548,548,16,42,28,6,5
,DC,,,,,17,,,,
,PCP,6283603311,311,6283603311,311,17,36,28,6,3
,PCP,6283603311,311,6283603311,311,17,36,28,6,3
,PCP,6276103322,322,6276103322,322,17,61,27,6,3
,PCP,6276103322,322,6276103322,322,17,61,27,6,3
,PCP,6283603344,344,6283603344,344,17,36,28,6,3
,PCP,6283603344,344,6283603344,344,17,36,28,6,3
,PCP,6283603371,371,6283603371,371,17,36,28,6,3
,PCP,6283603371,371,6283603371,371,17,36,28,6,3
,PCP,6283603547,547,6283603547,547,17,36,28,6,5
,PCP,6283603547,547,6283603547,547,17,36,28,6,5
,PCP,6283603549,549,6283603549,549,17,36,28,6,5
,PCP,6283603549,549,6283603549,549,17,36,28,6,5
,PCP,6283603550,550,6283603550,550,17,36,28,6,5
,PCP,6283603550,550,6283603550,550,17,36,28,6,5
,PCP,6283603551,551,6283603551,551,17,36,28,6,5
,PCP,6283603551,551,6283603551,551,17,36,28,6,5
,PCP,6293603552,552,6293603552,552,17,36,29,6,5
,PCP,6293603552,552,6293603552,552,17,36,29,6,5
,PCP,6293603553,553,6293603553,553,17,36,29,6,5
,PCP,6293603553,553,6293603553,553,17,36,29,6,5
,PCP,6283603556,556,6283603556,556,17,36,28,6,5
,PCP,6283603556,556,6283603556,556,17,36,28,6,5
,PCP,6283603557,557,6283603557,557,17,36,28,6,5
,PCP,6283603557,557,6283603557,557,17,36,28,6,5
CommD5-C,DC,6283603345,345,6283603501,501,18,36,28,6,5
,PCP,6283603342,342,6283603342,342,18,36,28,6,3
,PCP,6283603342,342,6283603342,342,18,36,28,6,3
,PCP,6283603349,349,6283603349,349,18,36,28,6,3
,PCP,4283603358,358,4283603358,358,18,36,28,4,3
,PCP,6283603359,359,6283603359,359,18,36,28,6,3
,PCP,6283603360,360,6283603360,360,18,36,28,6,3
,PCP,6283603360,360,6283603360,360,18,36,28,6,3
,PCP,4283603361,361,4283603361,361,18,36,28,4,3
,PCP,4283603361,361,4283603361,361,18,36,28,4,3
,PCP,6283603345,345,6283603501,501,18,36,28,6,5
,PCP,6283603345,345,6283603501,501,18,36,28,6,5
,PCP,6283603346,346,6283603502,502,18,36,28,6,5
,PCP,6283603346,346,6283603502,502,18,36,28,6,5
,PCP,6283603557,557,6283603561,561,18,36,28,6,5
,PCP,6283603557,557,6283603561,561,18,36,28,6,5
,PCP,6283603557,557,6283603563,563,18,36,28,6,5
,DC,1320903137,137,1320903137,137,19,9,32,1,1
,PCP,1320903137,137,1320903137,137,19,9,32,1,1
,PCP,1320903137,137,1320903137,137,19,9,32,1,1
,PCP,1320903138,138,1320903138,138,19,9,32,1,1
,PCP,1320903138,138,1320903138,138,19,9,32,1,1
,PCP,1320903139,139,1320903139,139,19,9,32,1,1
,PCP,1320903139,139,1320903139,139,19,9,32,1,1
,PCP,,402,,402,19,,,,
,PCP,6260903403,403,6260903403,403,19,9,26,6,4
,PCP,6260903403,403,6260903403,403,19,9,26,6,4
,PCP,6320903415,415,6320903415,415,19,9,32,6,4
,PCP,6320903415,415,6320903415,415,19,9,32,6,4
,PCP,6274003460,460,6274003460,460,19,40,27,6,4
,PCP,6274003460,460,6274003460,460,19,40,27,6,4
,PCP,6294103474,474,6294103474,474,19,41,29,6,4
,PCP,6294103474,474,6294103474,474,19,41,29,6,4
,DC,6260903410,410,6260903410,410,20,9,26,6,4
,PCP,6260903401,401,6260903401,401,20,9,26,6,4
,PCP,6260903401,401,6260903401,401,20,9,26,6,4
,PCP,6260903404,404,6260903404,404,20,9,26,6,4
,PCP,6260903404,404,6260903404,404,20,9,26,6,4
,PCP,6260903405,405,6260903405,405,20,9,26,6,4
,PCP,6260903405,405,6260903405,405,20,9,26,6,4
,PCP,6260903406,406,6260903406,406,20,9,26,6,4
,PCP,6260903406,406,6260903406,406,20,9,26,6,4
,PCP,6260903407,407,6260903407,407,20,9,26,6,4
,PCP,6260903407,407,6260903407,407,20,9,26,6,4
,PCP,6260903408,408,6260903408,408,20,9,26,6,4
,PCP,6260903408,408,6260903408,408,20,9,26,6,4
,PCP,6260903409,409,6260903409,409,20,9,26,6,4
,PCP,6260903409,409,6260903409,409,20,9,26,6,4
,PCP,6260903410,410,6260903410,410,20,9,26,6,4
,PCP,6260903410,410,6260903410,410,20,9,26,6,4
,PCP,6260903412,412,6260903412,412,20,9,26,6,4
,PCP,6260903412,412,6260903412,412,20,9,26,6,4
,DC,6294103421,421,6294103421,421,21,41,29,6,4
,PCP,6294103411,411,6294103411,411,21,41,29,6,4
,PCP,6294103411,411,6294103411,411,21,41,29,6,4
,PCP,6294103413,413,6294103413,413,21,41,29,6,4
,PCP,6294103413,413,6294103413,413,21,41,29,6,4
,PCP,6294103414,414,6294103414,414,21,41,29,6,4
,PCP,6294103414,414,6294103414,414,21,41,29,6,4
,PCP,6294103416,416,6294103416,416,21,41,29,6,4
,PCP,6294103416,416,6294103416,416,21,41,29,6,4
,PCP,6294103417,417,6294103417,417,21,41,29,6,4
,PCP,6294103417,417,6294103417,417,21,41,29,6,4
,PCP,6294103418,418,6294103418,418,21,41,29,6,4
,PCP,6294103418,418,6294103418,418,21,41,29,6,4
,PCP,6294103419,419,6294103419,419,21,41,29,6,4
,PCP,6294103419,419,6294103419,419,21,41,29,6,4
,PCP,6294103420,420,6294103420,420,21,41,29,6,4
,PCP,6294103420,420,6294103420,420,21,41,29,6,4
,PCP,6294103421,421,6294103421,421,21,41,29,6,4
CommD4-VC,PCP,6294103421,421,6294103421,421,21,41,29,6,4
,PCP,6294103422,422,6294103422,422,21,41,29,6,4
,PCP,6294103422,422,6294103422,422,21,41,29,6,4
,PCP,6294103431,431,6294103431,431,21,41,29,6,4
,PCP,6294103431,431,6294103431,431,21,41,29,6,4
,PCP,6294103432,432,6294103432,432,21,41,29,6,4
,PCP,6294103432,432,6294103432,432,21,41,29,6,4
,PCP,6294103433,433,6294103433,433,21,41,29,6,4
,PCP,6294103433,433,6294103433,433,21,41,29,6,4
HD41-C,DC,6294103439,439,6294103439,439,22,41,29,6,4
,PCP,6294103434,434,6294103434,434,22,41,29,6,4
,PCP,6294103434,434,6294103434,434,22,41,29,6,4
,PCP,6294103435,435,6294103435,435,22,41,29,6,4
,PCP,6294103435,435,6294103435,435,22,41,29,6,4
,PCP,6294103436,436,6294103436,436,22,41,29,6,4
,PCP,6294103436,436,6294103436,436,22,41,29,6,4
,PCP,6294103437,437,6294103437,437,22,41,29,6,4
,PCP,6294103437,437,6294103437,437,22,41,29,6,4
,PCP,6294103439,439,6294103439,439,22,41,29,6,4
,PCP,6294103439,439,6294103439,439,22,41,29,6,4
,PCP,6294103537,537,6294103537,537,22,41,29,6,5
,PCP,6294103537,537,6294103537,537,22,41,29,6,5
,PCP,6294103538,538,6294103538,538,22,41,29,6,5
,PCP,6294103538,538,6294103538,538,22,41,29,6,5
,PCP,6294103539,539,6294103539,539,22,41,29,6,5
,PCP,6294103539,539,6294103539,539,22,41,29,6,5
,PCP,6294103554,554,6294103554,554,22,41,29,6,5
,PCP,6294103554,554,6294103554,554,22,41,29,6,5
,PCP,6294103555,555,6294103555,555,22,41,29,6,5
,PCP,6294103555,555,6294103555,555,22,41,29,6,5
,PCP,6294103558,558,6294103558,558,22,41,29,6,5
,PCP,6294103558,558,6294103558,558,22,41,29,6,5
"HD41-VC, CommD5-S",PCP,6294103559,559,6294103559,559,22,41,29,6,5
,PCP,6294103559,559,6294103559,559,22,41,29,6,5
,PCP,6294103560,560,6294103560,560,22,41,29,6,5
,PCP,6294103560,560,6294103560,560,22,41,29,6,5
,PCP,6294103564,564,6294103560,564,22,41,29,6,5
,PCP,6294103564,564,6294103560,564,22,41,29,6,5
"HD41-S, SD29-C",DC,6294103443,443,6294103443,443,23,41,29,6,4
,PCP,6294103423,423,6294103423,423,23,41,29,6,4
,PCP,6294103423,423,6294103423,423,23,41,29,6,4
,PCP,6294103425,425,6294103425,425,23,41,29,6,4
,PCP,6294103425,425,6294103425,425,23,41,29,6,4
,PCP,6294103426,426,6294103426,426,23,41,29,6,4
,PCP,6294103426,426,6294103426,426,23,41,29,6,4
,PCP,6294103427,427,6294103427,427,23,41,29,6,4
,PCP,6294103427,427,6294103427,427,23,41,29,6,4
,PCP,6294103428,428,6294103428,428,23,41,29,6,4
,PCP,6294103428,428,6294103428,428,23,41,29,6,4
,PCP,6294103429,429,6294103429,429,23,41,29,6,4
,PCP,6294103429,429,6294103429,429,23,41,29,6,4
,PCP,6294103430,430,6294103430,430,23,41,29,6,4
,PCP,6294103430,430,6294103430,430,23,41,29,6,4
,PCP,6294103438,438,6294103438,438,23,41,29,6,4
,PCP,6294103438,438,6294103438,438,23,41,29,6,4
,PCP,6294103440,440,6294103440,440,23,41,29,6,4
,PCP,6294103440,440,6294103440,440,23,41,29,6,4
,PCP,6294103441,441,6294103441,441,23,41,29,6,4
,PCP,6294103441,441,6294103441,441,23,41,29,6,4
,PCP,6294103442,442,6294103442,442,23,41,29,6,4
CommD4-S,PCP,6294103442,442,6294103442,442,23,41,29,6,4
,PCP,6294103443,443,6294103443,443,23,41,29,6,4
,PCP,6294103443,443,6294103443,443,23,41,29,6,4
CommD4-C,DC,6294103473,473,6294103473,473,24,41,29,6,4
,PCP,6294103444,444,6294103444,444,24,41,29,6,4
,PCP,6294103444,444,6294103444,444,24,41,29,6,4
,PCP,6294103445,445,6294103445,445,24,41,29,6,4
,PCP,6294103445,445,6294103445,445,24,41,29,6,4
,,6274003451,451,6274003451,451,24,40,27,6,4
,,6274003451,451,6274003451,451,24,40,27,6,4
,PCP,6294103465,465,6294103465,465,24,41,29,6,4
,PCP,6294103465,465,6294103465,465,24,41,29,6,4
,PCP,6294103466,466,6294103466,466,24,41,29,6,4
,PCP,6294103466,466,6294103466,466,24,41,29,6,4
,PCP,6294103467,467,6294103467,467,24,41,29,6,4
,PCP,6294103467,467,6294103467,467,24,41,29,6,4
,PCP,6294103468,468,6294103468,468,24,41,29,6,4
,PCP,6294103468,468,6294103468,468,24,41,29,6,4
,Appt?,6294103469,469,6294103469,469,24,41,29,6,4
,PCP,6294103469,469,6294103469,469,24,41,29,6,4
,PCP,6294103470,470,6294103470,470,24,41,29,6,4
,PCP,6294103470,470,6294103470,470,24,41,29,6,4
,PCP,6294103471,471,6294103471,471,24,41,29,6,4
,PCP,6294103471,471,6294103471,471,24,41,29,6,4
,PCP,6294103472,472,6294103472,472,24,41,29,6,4
,PCP,6294103472,472,6294103472,472,24,41,29,6,4
,PCP,6294103473,473,6294103473,473,24,41,29,6,4
,PCP,6294103473,473,6294103473,473,24,41,29,6,4
,DC,6274003270,270,6274003270,270,25,40,27,6,2
,PCP,6274003255,255,6274003255,255,25,40,27,6,2
,PCP,6274003255,255,6274003255,255,25,40,27,6,2
,PCP,6274003269,269,6274003269,269,25,40,27,6,2
,PCP,6274003270,270,6274003270,270,25,40,27,6,2
,PCP,6274003271,271,6274003271,271,25,40,27,6,2
,PCP,6274003271,271,6274003271,271,25,40,27,6,2
,PCP,6274003273,273,6274003273,273,25,40,27,6,3
,PCP,6274003273,273,6274003273,273,25,40,27,6,3
,PCP,6276103274,274,6276103274,274,25,61,27,6,2
,PCP,6276103275,275,6276103275,275,25,61,27,6,2
,PCP,6276103275,275,6276103275,275,25,61,27,6,2
,PCP,6294003446,446,6294003446,446,25,40,29,6,4
,PCP,6294003446,446,6294003446,446,25,40,29,6,4
,PCP,6294003447,447,6294003447,447,25,40,29,6,4
,PCP,6294003447,447,6294003447,447,25,40,29,6,4
,PCP,6294003448,448,6294003448,448,25,40,29,6,4
,PCP,6294003448,448,6294003448,448,25,40,29,6,4
,PCP,6294003302,302,6294003452,452,25,40,29,6,3
,PCP,6294003302,302,6294003452,452,25,40,29,6,3
,PCP,6274003453,453,6274003453,453,26,40,27,6,4
,PCP,6274003453,453,6274003453,453,26,40,27,6,4
,PCP,6274003454,454,6274003454,454,26,40,27,6,4
,PCP,6274003454,454,6274003454,454,26,40,27,6,4
,PCP,6274003455,455,6274003455,455,26,40,27,6,4
,PCP,6274003455,455,6274003455,455,26,40,27,6,4
,PCP,6274003456,456,6274003456,456,26,40,27,6,4
,PCP,6274003456,456,6274003456,456,26,40,27,6,4
,PCP,6274003459,459,6294003459,459,26,40,29,6,4
,PCP,6274003459,459,6274003459,459,26,40,27,6,4
HD40-VC,DC,6294003462,462,6294003462,462,26,40,29,6,4
,PCP,6274003269,269,6274003303,303,26,40,27,6,3
,PCP,6274003272,272,6274003306,306,26,40,27,6,3
,PCP,6274003272,272,6274003306,306,26,40,27,6,3
,PCP,,457,,457,26,,,,
,PCP,,458,,458,26,,,,
,AL,6294003461,461,6294003461,461,26,40,29,6,4
,PCP,6294003461,461,6294003461,461,26,40,29,6,4
SD29-VC,PCP,6294003462,462,6294003462,462,26,40,29,6,4
,PCP,6294003462,462,6294003462,462,26,40,29,6,4
,PCP,6294003463,463,6294003463,463,26,40,29,6,4
,PCP,6294003463,463,6294003463,463,26,40,29,6,4
SD29-S,PCP,6294003464,464,6294003464,464,26,40,29,6,4
,PCP,6294003464,464,6294003464,464,26,40,29,6,4
,DC,6284003313,313,6284003313,313,27,40,28,6,3
,PCP,6284003310,310,6284003310,310,27,40,28,6,3
,PCP,6284003310,310,6284003310,310,27,40,28,6,3
,PCP,6284003312,312,6284003312,312,27,40,28,6,3
,PCP,6284003312,312,6284003312,312,27,40,28,6,3
,PCP,6284003313,313,6284003313,313,27,40,28,6,3
,PCP,6284003313,313,6284003313,313,27,40,28,6,3
,AL,6284003314,314,6284003314,314,27,40,28,6,3
,PCP,6284003314,314,6284003314,314,27,40,28,6,3
,PCP,6284003315,315,6284003315,315,27,40,28,6,3
,PCP,6284003315,315,6284003315,315,27,40,28,6,3
,PCP,6284003315,315,6284003315,315,27,40,28,6,3
,PCP,6294003316,316,6294003316,316,27,40,29,6,3
,PCP,6294003316,316,6294003316,316,27,40,29,6,3
,PCP,6294003317,317,6294003317,317,27,40,29,6,3
,PCP,6294003317,317,6294003317,317,27,40,29,6,3
,PCP,4284003318,318,4284003318,318,27,40,28,4,3
,PCP,4284003318,318,4284003318,318,27,40,28,4,3
,PCP,6294003319,319,6294003319,319,27,40,29,6,3
,PCP,6294003319,319,6294003319,319,27,40,29,6,3
,PCP,4284003341,341,4284003341,341,27,40,28,4,3
,PCP,4284003341,341,4284003341,341,27,40,28,4,3
,PCP,4284003343,343,4284003343,343,27,40,28,4,3
,PCP,4284003343,343,4284003343,343,27,40,28,4,3
,PCP,6284003386,386,6284003386,386,27,40,28,6,3
,PCP,6284003386,386,6284003386,386,27,40,28,6,3
,PCP,6284003389,389,6284003389,389,27,40,28,6,3
,PCP,6284003389,389,6284003389,389,27,40,28,6,3
HD40-C,DC,6274003273,273,6274003307,307,28,40,27,6,3
,PCP,6294003267,267,6294003301,301,28,40,29,6,3
,PCP,6294003267,267,6294003301,301,28,40,29,6,3
,PCP,6294003303,303,6294003303,303,28,40,29,6,3
,PCP,6294003303,303,6294003303,303,28,40,29,6,3
,PCP,6294003304,304,6294003304,304,28,40,29,6,3
,PCP,6294003304,304,6294003304,304,28,40,29,6,3
,PCP,6274003304,304,6274003304,304,28,40,27,6,3
,PCP,6294003305,305,6294003305,305,28,40,29,6,3
,PCP,6294003305,305,6294003305,305,28,40,29,6,3
,PCP,6294003306,306,6294003306,306,28,40,29,6,3
,PCP,6294003306,306,6294003306,306,28,40,29,6,3
,PCP,6274003273,273,6274003307,307,28,40,27,6,3
,PCP,6274003273,273,6274003307,307,28,40,27,6,3
,PCP,4274003340,340,4274003340,340,28,40,27,4,3
,PCP,4274003340,340,4274003340,340,28,40,27,4,3
,PCP,4274003369,369,4274003369,369,28,40,27,4,3
,PCP,4274003369,369,4274003369,369,28,40,27,4,3
HD40-S,PCP,4274003370,370,4274003370,370,28,40,27,4,3
,PCP,4274003370,370,4274003370,370,28,40,27,4,3
,PCP,4274003387,387,4274003387,387,28,40,27,4,3
,PCP,4274003387,387,4274003387,387,28,40,27,4,3
,PCP,6283603449,449,6283603449,449,28,36,28,6,4
,PCP,6283603449,449,6283603449,449,28,36,28,6,4
,PCP,6274003450,450,6274003450,450,28,40,27,6,4
,PCP,6294003450,450,6294003266,450,28,40,29,6,4
,PCP,6294003266,266,6294003266,266,29,40,29,6,2
,DC,6276103352,352,6276103352,352,29,61,27,6,3
,PCP,6294003309,309,6294003309,309,30,40,29,6,3
,PCP,6294003309,309,6294003309,309,30,40,29,6,4
,PCP,4276103350,350,4276103350,350,29,61,27,4,3
,PCP,4276103350,350,4276103350,350,29,61,27,4,3
,PCP,6276103351,351,6276103351,351,29,61,27,6,3
,PCP,6276103351,351,6276103351,351,29,61,27,6,3
,PCP,6276103352,352,6276103352,352,29,61,27,6,3
,PCP,6276103352,352,6276103352,352,29,61,27,6,3
,PCP,6276103353,353,6276103353,353,29,61,27,6,3
,PCP,6276103353,353,6276103353,353,29,61,27,6,3
,PCP,6276103354,354,6276103354,354,29,61,27,6,3
,PCP,6276103354,354,6276103354,354,29,61,27,6,3
,PCP,6276103377,377,6276103377,377,29,61,27,6,3
,PCP,6276103377,377,6276103377,377,29,61,27,6,3
,PCP,6276103378,378,6276103378,378,29,61,27,6,3
CommD3-VC,PCP,6276103378,378,6276103378,378,29,61,27,6,3
,PCP,6276103383,383,6276103383,383,29,61,27,6,3
,PCP,6276103383,383,6276103383,383,29,61,27,6,3
,PCP,6276103385,385,6276103385,385,29,61,27,6,3
,PCP,6276103385,385,6276103385,385,29,61,27,6,3
,PCP,6276103388,388,6276103388,388,29,61,27,6,3
,PCP,6276103388,388,6276103388,388,29,61,27,6,3
,DC &PL,6276103278,262,6276103262,262,30,61,27,6,2
,PCP,6276103257,257,6276103257,257,30,61,27,6,2
,PCP,6276103257,257,6276103257,257,30,61,27,6,2
,PCP,6276103262,262,6276103262,262,30,61,27,6,2
,PCP,6276103262,262,6276103262,262,30,61,27,6,2
,PCP,6276103263,263,6276103263,263,30,61,27,6,2
,PCP,6276103263,263,6276103263,263,30,61,27,6,2
,PCP,6276103264,264,6276103264,264,30,61,27,6,2
,PCP,6276103264,264,6276103264,264,30,61,27,6,2
,PCP,6276103276,276,6276103276,276,30,61,27,6,2
,PCP,6276103276,276,6276103276,276,30,61,27,6,2
,PCP,6276103277,277,6276103277,277,30,61,27,6,2
,PCP,6276103277,277,6276103277,277,30,61,27,6,2
HD61 - C,PCP,6276103278,278,6276103278,278,30,61,27,6,2
,PCP,6276103278,278,6276103278,278,30,61,27,6,2
,PCP,6276103279,279,6276103279,279,30,61,27,6,2
,PCP,6276103279,279,6276103279,279,30,61,27,6,2
,PCP,6294003308,308,6294003308,308,31,40,29,6,3
,PCP,6294003308,308,6294003308,308,31,40,29,6,3
,DC,6276103285,285,6276103283,283,31,61,27,6,2
,PCP,6276103261,261,6276103261,261,31,61,27,6,2
,PCP,6276103261,261,6276103261,261,31,61,27,6,2
,PCP,6294003265,265,6276103265,265,32,61,27,6,2
,PCP,6294003265,265,6276103265,265,32,61,27,6,2
,PCP,6276103280,280,6276103280,280,31,61,27,6,2
,PCP,6276103280,280,6276103280,280,31,61,27,6,2
,PCP,6276103281,281,6276103281,281,31,61,27,6,2
,PCP,6276103281,281,6276103281,281,31,61,27,6,2
,PCP,6276103282,282,6276103282,282,31,61,27,6,2
,PCP,6276103282,282,6276103282,282,31,61,27,6,2
,PCP,6276103283,283,6276103283,283,31,61,27,6,2
,PCP,6276103283,283,6276103283,283,31,61,27,6,2
,PCP,6276103285,285,6276103285,285,31,61,27,6,2
,PCP,6276103285,285,6276103285,285,31,61,27,6,2
,PCP,6276103274,274,6276103308,308,31,61,27,6,3
,PCP,6276103320,320,6276103320,320,31,61,27,6,3
,PCP,6276103320,320,6276103320,320,31,61,27,6,3
,PCP,6276103321,321,6276103321,321,31,61,27,6,3
,PCP,6276103321,321,6276103321,321,31,61,27,6,3
,DC,6276103367,367,6276103267,267,32,61,27,6,3
,PCP,6276103367,367,6276103367,267,32,61,27,6,3
,PCP,6276103367,367,6276103267,267,32,61,27,6,3
,PCP,6276103331,331,6276103331,331,32,61,27,6,3
,PCP,6276103331,331,6276103331,331,32,61,27,6,3
,PCP,6276103332,332,6276103332,332,32,61,27,6,3
,PCP,6276103332,332,6276103332,332,32,61,27,6,3
,PCP,6276103333,333,6276103333,333,32,61,27,6,3
,PCP,6276103333,333,6276103333,333,32,61,27,6,3
,PCP,4276103334,334,4276103334,334,32,61,27,4,3
,PCP,4276103334,334,4276103334,334,32,61,27,4,3
,PCP,4276103335,335,4276103335,335,32,61,27,4,3
,PCP,4276103335,335,4276103335,335,32,61,27,4,3
CommD3-S,PCP,4276103336,336,4276103336,336,32,61,27,4,3
,PCP,4276103336,336,4276103336,336,32,61,27,4,3
,PCP,4276103337,337,4276103337,337,32,61,27,4,3
,PCP,4276103337,337,4276103337,337,32,61,27,4,3
,PCP,4276103337,337,4276103337,337,32,61,27,4,3
,PCP,6276103338,338,6276103338,338,32,61,27,6,3
,PCP,6276103338,338,6276103338,338,32,61,27,6,3
,PCP,6276103339,339,6276103339,339,32,61,27,6,3
,PCP,6276103339,339,6276103339,339,32,61,27,6,3
,PCP,4276103368,368,4276103368,368,32,61,27,4,3
,PCP,4276103368,368,4276103368,368,32,61,27,4,3
,PCP,4276103382,382,4276103382,382,32,61,27,4,3
,PCP,4276103382,382,4276103382,382,32,61,27,4,3
,DC,6273703244,244,6273703244,244,33,37,27,6,2
,PCP,6163803207,207,6273703207,207,33,37,27,6,2
,PCP,6163803207,207,6273703207,207,33,37,27,6,2
,PCP,6163703213,213,6273703213,213,33,37,27,6,2
,PCP,6163703213,213,6273703213,213,33,37,27,6,2
,PCP,6163703216,216,6273703216,216,33,37,27,6,2
,PCP,6163703216,216,6273703216,216,33,37,27,6,2
,PCP,6273703256,256,6273703256,256,33,37,27,6,2
,PCP,6273703259,259,6273703259,259,33,37,27,6,2
,PCP,6273703259,259,6273703259,259,33,37,27,6,2
,PCP,6273703260,260,6273703260,260,33,37,27,6,2
,PCP,6273703260,260,6273703260,260,33,37,27,6,2
,PCP,6273703284,284,6273703284,284,33,37,27,6,2
,PCP,6273703284,284,6273703284,284,33,37,27,6,2
,PCP,6273703287,287,6273703287,287,33,37,27,6,2
,PCP,6273703287,287,6273703287,287,33,37,27,6,2
,DC,6276103326,326,6276103215,215,34,61,27,6,2
,PCP,6276103326,326,6276103215,215,34,61,27,6,2
,PCP,6276103326,326,6276103215,215,34,61,27,6,2
,PCP,6276103376,376,6276103268,268,34,61,27,6,2
,PCP,6276103376,376,6276103268,268,34,61,27,6,2
,PCP,6276103327,327,6276103327,327,34,61,27,6,3
,PCP,6276103327,327,6276103327,327,34,61,27,6,3
,PCP,6276103329,329,6276103329,329,34,61,27,6,3
,PCP,6276103329,329,6276103329,329,34,61,27,6,3
,PCP,6276103330,330,6276103330,330,34,61,27,6,3
,PCP,6276103330,330,6276103330,330,34,61,27,6,3
,PCP,6276103375,375,6276103375,375,34,61,27,6,3
,PCP,6276103375,375,6276103375,375,34,61,27,6,3
,PCP,6276103379,379,6276103379,379,34,61,27,6,3
,PCP,6276103379,379,6276103379,379,34,61,27,6,3
,PCP,6276103380,380,6276103380,380,34,61,27,6,3
,PCP,6276103380,380,6276103380,380,34,61,27,6,3
CommD3-C,DC,4215603363,363,4215603363,363,35,56,21,4,3
,PCP,4215603348,348,4215603348,348,35,56,21,4,3
,PCP,4215603348,348,4215603348,348,35,56,21,4,3
,PCP,6275603355,355,6275603355,355,35,56,27,6,3
,PCP,6275603355,355,6275603355,355,35,56,27,6,3
,PCP,4275603357,357,4275603357,357,35,56,27,4,3
,PCP,4275603357,357,4275603357,357,35,56,27,4,3
,PCP,4285603362,362,4285603362,362,35,56,28,4,3
,PCP,4285603362,362,4285603362,362,35,56,28,4,3
,PCP,4215603363,363,4215603363,363,35,56,21,4,3
,PCP,4215603363,363,4215603363,363,35,56,21,4,3
,PCP,4215603364,364,4215603364,364,35,56,21,4,3
,PCP,4215603364,364,4215603364,364,35,56,21,4,3
,PCP,4215603365,365,4215603365,365,35,56,21,4,3
,PCP,4215603365,365,4215603365,365,35,56,21,4,3
,PCP,4275603366,366,4275603366,366,35,56,27,4,3
,PCP,4275603366,366,4275603366,366,35,56,27,4,3
,PCP,6275603372,372,6275603372,372,35,56,27,6,3
,PCP,6275603372,372,6275603372,372,35,56,27,6,3
,PCP,6275603373,373,6275603373,373,35,56,27,6,3
,PCP,6275603373,373,6275603373,373,35,56,27,6,3
,PCP,6275603384,384,6275603384,384,35,56,27,6,3
,PCP,6275603384,384,6275603384,384,35,56,27,6,3
