X,Y,US_CONG,CO_SEN,CO_HSE,ARAP,COMM,COLO_PREC,PRECINCT,HYPERLINK,created_us,created_da,last_edite,last_edi_1,Voter_Coun,Voter_Co_1,Shape_Leng,Shape_Area
-104.210762399125,39.6627431776776,"4","21","56","03","0","4215603364","364",https://gis.arapahoegov.com/mapsandphotos/electionprecinctpdfs/Precinct_364.pdf,AC,2022/02/02,AC,2025/10/20,1647,2025/10/20,0.72245222474,0.02442685737
-104.764246213426,39.7327284150887,"6","28","36","03","0","6283603550","550",https://gis.arapahoegov.com/mapsandphotos/electionprecinctpdfs/Precinct_550.pdf,AC,2022/02/02,AC,2025/10/20,88,2025/10/20,0.15085777827,0.00079909124
-104.795776079895,39.736851814213,"6","28","36","03","0","6283603549","549",https://gis.arapahoegov.com/mapsandphotos/electionprecinctpdfs/Precinct_549.pdf,AC,2022/02/02,AC,2025/10/20,576,2025/10/20,0.03303429663,0.00006416720
-104.804928545816,39.738526076872,"6","28","42","03","0","6284203548","548",https://gis.arapahoegov.com/mapsandphotos/electionprecinctpdfs/Precinct_548.pdf,AC,2022/02/02,AC,2025/10/20,486,2025/10/20,0.02633674977,0.00003092376
-104.813676513228,39.7338549644183,"6","28","42","03","0","6284203531","531",https://gis.arapahoegov.com/mapsandphotos/electionprecinctpdfs/Precinct_531.pdf,AC,2022/02/02,AC,2025/10/20,991,2025/10/20,0.04773905113,0.00009935807
-104.820884626453,39.7323033713758,"6","28","42","03","0","6284203530","530",https://gis.arapahoegov.com/mapsandphotos/electionprecinctpdfs/Precinct_530.pdf,AC,2022/02/02,AC,2025/10/20,1177,2025/10/20,0.04873762188,0.00012236110
-104.829203567757,39.7314721146756,"6","28","42","03","0","6284203527","527",https://gis.arapahoegov.com/mapsandphotos/electionprecinctpdfs/Precinct_527.pdf,AC,2022/02/02,AC,2025/10/20,1253,2025/10/20,0.05243384293,0.00010200766
-104.832638126585,39.7380863101713,"6","28","42","03","0","6284203529","529",https://gis.arapahoegov.com/mapsandphotos/electionprecinctpdfs/Precinct_529.pdf,AC,2022/02/02,AC,2025/10/20,935,2025/10/20,0.02721266456,0.00003665111
-104.841928344943,39.7382939743984,"6","28","42","03","0","6284203528","528",https://gis.arapahoegov.com/mapsandphotos/electionprecinctpdfs/Precinct_528.pdf,AC,2022/02/02,AC,2025/10/20,625,2025/10/20,0.03432715051,0.00004218813
-104.856476537357,39.7365540887293,"6","28","42","03","0","6284203506","506",https://gis.arapahoegov.com/mapsandphotos/electionprecinctpdfs/Precinct_506.pdf,AC,2022/02/02,AC,2025/10/20,1828,2025/10/20,0.05198562842,0.00013699480
-104.875244293774,39.7364978009345,"6","28","42","03","0","6284203503","503",https://gis.arapahoegov.com/mapsandphotos/electionprecinctpdfs/Precinct_503.pdf,AC,2022/02/02,AC,2025/10/20,2073,2025/10/20,0.05230568690,0.00013768244
-104.805424419768,39.7312379456933,"6","28","42","03","0","6284203546","546",https://gis.arapahoegov.com/mapsandphotos/electionprecinctpdfs/Precinct_546.pdf,AC,2022/02/02,AC,2025/10/20,1102,2025/10/20,0.04287284066,0.00010700830
-104.836795287372,39.7318956844004,"6","28","42","03","0","6284203526","526",https://gis.arapahoegov.com/mapsandphotos/electionprecinctpdfs/Precinct_526.pdf,AC,2022/02/02,AC,2025/10/20,904,2025/10/20,0.03590522568,0.00005978659
-104.843193806937,39.7303254757763,"6","28","42","03","0","6284203525","525",https://gis.arapahoegov.com/mapsandphotos/electionprecinctpdfs/Precinct_525.pdf,AC,2022/02/02,AC,2025/10/20,962,2025/10/20,0.04257810536,0.00007978604
-104.795996702544,39.7295402061514,"6","28","36","03","0","6283603547","547",https://gis.arapahoegov.com/mapsandphotos/electionprecinctpdfs/Precinct_547.pdf,AC,2022/02/02,AC,2025/10/20,1173,2025/10/20,0.03457017819,0.00007381675
-104.861473151744,39.7294214073909,"6","28","42","03","0","6284203507","507",https://gis.arapahoegov.com/mapsandphotos/electionprecinctpdfs/Precinct_507.pdf,AC,2022/02/02,AC,2025/10/20,1035,2025/10/20,0.03615422681,0.00006309789
-104.875296164844,39.7292511483527,"6","28","42","03","0","6284203504","504",https://gis.arapahoegov.com/mapsandphotos/electionprecinctpdfs/Precinct_504.pdf,AC,2022/02/02,AC,2025/10/20,1049,2025/10/20,0.05307482853,0.00013699472
-104.800768560533,39.718567273008,"6","28","42","03","0","6284203545","545",https://gis.arapahoegov.com/mapsandphotos/electionprecinctpdfs/Precinct_545.pdf,AC,2022/02/02,AC,2025/10/20,366,2025/10/20,0.07417543904,0.00026177259
-104.814489364082,39.7175851642573,"6","28","42","03","0","6284203533","533",https://gis.arapahoegov.com/mapsandphotos/electionprecinctpdfs/Precinct_533.pdf,AC,2022/02/02,AC,2025/10/20,1605,2025/10/20,0.05064712333,0.00014976580
-105.02253220536,39.6174329407824,"6","16","38","03","0","6163803152","152",https://gis.arapahoegov.com/mapsandphotos/electionprecinctpdfs/Precinct_152.pdf,AC,2022/02/02,AC,2025/10/20,867,2025/10/20,0.03740690395,0.00006432149
-104.835685053799,39.7238882790079,"6","28","42","03","0","6284203524","524",https://gis.arapahoegov.com/mapsandphotos/electionprecinctpdfs/Precinct_524.pdf,AC,2022/02/02,AC,2025/10/20,919,2025/10/20,0.05239113019,0.00007884908
-104.822803980685,39.7179879256389,"6","28","42","03","0","6284203532","532",https://gis.arapahoegov.com/mapsandphotos/electionprecinctpdfs/Precinct_532.pdf,AC,2022/02/02,AC,2025/10/20,1003,2025/10/20,0.04187426279,0.00009866678
-104.85281634023,39.7224823821704,"6","28","42","03","0","6284203510","510",https://gis.arapahoegov.com/mapsandphotos/electionprecinctpdfs/Precinct_510.pdf,AC,2022/02/02,AC,2025/10/20,704,2025/10/20,0.03277139258,0.00006041364
-104.861294926573,39.7228315282539,"6","28","42","03","0","6284203509","509",https://gis.arapahoegov.com/mapsandphotos/electionprecinctpdfs/Precinct_509.pdf,AC,2022/02/02,AC,2025/10/20,669,2025/10/20,0.02816524285,0.00004697696
-104.870590541538,39.7219383975479,"6","28","42","03","0","6284203505","505",https://gis.arapahoegov.com/mapsandphotos/electionprecinctpdfs/Precinct_505.pdf,AC,2022/02/02,AC,2025/10/20,1094,2025/10/20,0.03299381146,0.00006828234
-104.837045976254,39.7166820401059,"6","28","42","03","0","6284203523","523",https://gis.arapahoegov.com/mapsandphotos/electionprecinctpdfs/Precinct_523.pdf,AC,2022/02/02,AC,2025/10/20,1356,2025/10/20,0.06484624471,0.00022665308
-104.850278942059,39.7169640563621,"6","28","42","03","0","6284203512","512",https://gis.arapahoegov.com/mapsandphotos/electionprecinctpdfs/Precinct_512.pdf,AC,2022/02/02,AC,2025/10/20,1021,2025/10/20,0.02969352709,0.00004405874
-104.863558181574,39.7156463164342,"6","28","42","03","0","6284203511","511",https://gis.arapahoegov.com/mapsandphotos/electionprecinctpdfs/Precinct_511.pdf,AC,2022/02/02,AC,2025/10/20,1076,2025/10/20,0.05536816388,0.00011320521
-104.85467195555,39.7127534574539,"6","28","42","03","0","6284203513","513",https://gis.arapahoegov.com/mapsandphotos/electionprecinctpdfs/Precinct_513.pdf,AC,2022/02/02,AC,2025/10/20,1016,2025/10/20,0.03345952949,0.00004226774
-104.79887964298,39.7097693431033,"6","28","42","03","0","6284203544","544",https://gis.arapahoegov.com/mapsandphotos/electionprecinctpdfs/Precinct_544.pdf,AC,2022/02/02,AC,2025/10/20,1474,2025/10/20,0.05380772348,0.00008102158
-104.814411548892,39.7041519917491,"6","29","42","03","0","6294203535","535",https://gis.arapahoegov.com/mapsandphotos/electionprecinctpdfs/Precinct_535.pdf,AC,2022/02/02,AC,2025/10/20,924,2025/10/20,0.04417743224,0.00010093852
-104.823865006098,39.7034706060364,"6","29","42","03","0","6294203534","534",https://gis.arapahoegov.com/mapsandphotos/electionprecinctpdfs/Precinct_534.pdf,AC,2022/02/02,AC,2025/10/20,962,2025/10/20,0.04699888341,0.00013146143
-104.831189161232,39.7036484038277,"6","29","42","03","0","6294203521","521",https://gis.arapahoegov.com/mapsandphotos/electionprecinctpdfs/Precinct_521.pdf,AC,2022/02/02,AC,2025/10/20,910,2025/10/20,0.04450069274,0.00008009888
-104.836476922244,39.7038393290851,"6","29","42","03","0","6294203520","520",https://gis.arapahoegov.com/mapsandphotos/electionprecinctpdfs/Precinct_520.pdf,AC,2022/02/02,AC,2025/10/20,1017,2025/10/20,0.04556290776,0.00007674204
-104.842569897867,39.7072369110853,"6","29","42","03","0","6294203522","522",https://gis.arapahoegov.com/mapsandphotos/electionprecinctpdfs/Precinct_522.pdf,AC,2022/02/02,AC,2025/10/20,1110,2025/10/20,0.03736637963,0.00007379167
-104.850991759532,39.7072202928179,"6","29","42","03","0","6294203515","515",https://gis.arapahoegov.com/mapsandphotos/electionprecinctpdfs/Precinct_515.pdf,AC,2022/02/02,AC,2025/10/20,1108,2025/10/20,0.03064708640,0.00005931125
-104.860411812314,39.7074951428089,"6","29","42","03","0","6294203514","514",https://gis.arapahoegov.com/mapsandphotos/electionprecinctpdfs/Precinct_514.pdf,AC,2022/02/02,AC,2025/10/20,733,2025/10/20,0.03674448198,0.00008048955
-104.935265639454,39.7058575283706,"1","32","09","03","0","1320903460","460",https://gis.arapahoegov.com/mapsandphotos/electionprecinctpdfs/Precinct_460.pdf,AC,2022/02/02,AC,2025/10/20,1370,2025/10/20,0.06281450995,0.00011115381
-104.807853324011,39.7025590727682,"6","29","42","03","0","6294203542","542",https://gis.arapahoegov.com/mapsandphotos/electionprecinctpdfs/Precinct_542.pdf,AC,2022/02/02,AC,2025/10/20,523,2025/10/20,0.03288355971,0.00004983043
-104.803577041581,39.7024410653457,"6","29","42","03","0","6294203541","541",https://gis.arapahoegov.com/mapsandphotos/electionprecinctpdfs/Precinct_541.pdf,AC,2022/02/02,AC,2025/10/20,778,2025/10/20,0.03479727518,0.00004790517
-104.79612299619,39.7036220905522,"6","29","42","03","0","6294203543","543",https://gis.arapahoegov.com/mapsandphotos/electionprecinctpdfs/Precinct_543.pdf,AC,2022/02/02,AC,2025/10/20,1026,2025/10/20,0.03225743643,0.00006570701
-104.78486976487,39.703198613691,"6","29","36","03","0","6293603552","552",https://gis.arapahoegov.com/mapsandphotos/electionprecinctpdfs/Precinct_552.pdf,AC,2022/02/02,AC,2025/10/20,1110,2025/10/20,0.03682436857,0.00007072561
-104.78107123931,39.6988685593509,"6","29","36","03","0","6293603553","553",https://gis.arapahoegov.com/mapsandphotos/electionprecinctpdfs/Precinct_553.pdf,AC,2022/02/02,AC,2025/10/20,1433,2025/10/20,0.04634383328,0.00008037817
-104.861259179451,39.7017141270275,"6","29","42","03","0","6294203516","516",https://gis.arapahoegov.com/mapsandphotos/electionprecinctpdfs/Precinct_516.pdf,AC,2022/02/02,AC,2025/10/20,837,2025/10/20,0.04813889163,0.00006705565
-104.84952406198,39.6999428274898,"6","29","42","03","0","6294203518","518",https://gis.arapahoegov.com/mapsandphotos/electionprecinctpdfs/Precinct_518.pdf,AC,2022/02/02,AC,2025/10/20,701,2025/10/20,0.02316383352,0.00003148269
-104.843864275544,39.6999786739615,"6","29","42","03","0","6294203519","519",https://gis.arapahoegov.com/mapsandphotos/electionprecinctpdfs/Precinct_519.pdf,AC,2022/02/02,AC,2025/10/20,788,2025/10/20,0.02690150645,0.00004369529
-104.934992395931,39.6979708941764,"1","32","09","03","0","1320903474","474",https://gis.arapahoegov.com/mapsandphotos/electionprecinctpdfs/Precinct_474.pdf,AC,2022/02/02,AC,2025/10/20,1079,2025/10/20,0.05641673899,0.00004497932
-104.816727318586,39.6985602535525,"6","29","42","03","0","6294203536","536",https://gis.arapahoegov.com/mapsandphotos/electionprecinctpdfs/Precinct_536.pdf,AC,2022/02/02,AC,2025/10/20,731,2025/10/20,0.01855848716,0.00002148489
-104.796619700245,39.698399951122,"6","29","42","03","0","6294203540","540",https://gis.arapahoegov.com/mapsandphotos/electionprecinctpdfs/Precinct_540.pdf,AC,2022/02/02,AC,2025/10/20,775,2025/10/20,0.03213228535,0.00004110364
-104.858900454417,39.6983830069471,"6","29","42","03","0","6294203517","517",https://gis.arapahoegov.com/mapsandphotos/electionprecinctpdfs/Precinct_517.pdf,AC,2022/02/02,AC,2025/10/20,866,2025/10/20,0.03546722917,0.00005111756
-104.871006102417,39.6932192277905,"6","29","41","03","0","6294103411","411",https://gis.arapahoegov.com/mapsandphotos/electionprecinctpdfs/Precinct_411.pdf,AC,2022/02/02,AC,2025/10/20,1459,2025/10/20,0.04150264548,0.00007230208
-104.77447617932,39.6920379679105,"6","29","41","03","0","6294103555","555",https://gis.arapahoegov.com/mapsandphotos/electionprecinctpdfs/Precinct_555.pdf,AC,2022/02/02,AC,2025/10/20,1042,2025/10/20,0.03166589919,0.00004209714
-104.784110263288,39.6940019927303,"6","29","41","03","0","6294103554","554",https://gis.arapahoegov.com/mapsandphotos/electionprecinctpdfs/Precinct_554.pdf,AC,2022/02/02,AC,2025/10/20,1188,2025/10/20,0.03706507427,0.00006685334
-104.794768698996,39.6918947055059,"6","29","41","03","0","6294103539","539",https://gis.arapahoegov.com/mapsandphotos/electionprecinctpdfs/Precinct_539.pdf,AC,2022/02/02,AC,2025/10/20,1143,2025/10/20,0.03935467047,0.00007589120
-104.801134224956,39.6906093265991,"6","29","41","03","0","6294103538","538",https://gis.arapahoegov.com/mapsandphotos/electionprecinctpdfs/Precinct_538.pdf,AC,2022/02/02,AC,2025/10/20,1243,2025/10/20,0.03898592395,0.00007338025
-104.807265255532,39.6908298763628,"6","29","41","03","0","6294103537","537",https://gis.arapahoegov.com/mapsandphotos/electionprecinctpdfs/Precinct_537.pdf,AC,2022/02/02,AC,2025/10/20,1182,2025/10/20,0.03384754343,0.00005619817
-104.814587625687,39.6912724762079,"6","29","41","03","0","6294103435","435",https://gis.arapahoegov.com/mapsandphotos/electionprecinctpdfs/Precinct_435.pdf,AC,2022/02/02,AC,2025/10/20,1502,2025/10/20,0.04111286573,0.00009974242
-104.824093696364,39.693018670016,"6","29","41","03","0","6294103434","434",https://gis.arapahoegov.com/mapsandphotos/electionprecinctpdfs/Precinct_434.pdf,AC,2022/02/02,AC,2025/10/20,1178,2025/10/20,0.03412943102,0.00007014391
-104.833423964589,39.6892602761369,"6","29","41","03","0","6294103433","433",https://gis.arapahoegov.com/mapsandphotos/electionprecinctpdfs/Precinct_433.pdf,AC,2022/02/02,AC,2025/10/20,964,2025/10/20,0.04926895491,0.00013353292
-104.842416186638,39.6927087159984,"6","29","41","03","0","6294103432","432",https://gis.arapahoegov.com/mapsandphotos/electionprecinctpdfs/Precinct_432.pdf,AC,2022/02/02,AC,2025/10/20,1306,2025/10/20,0.03588242814,0.00007097910
-104.85644818468,39.6927895719052,"6","29","41","03","0","6294103416","416",https://gis.arapahoegov.com/mapsandphotos/electionprecinctpdfs/Precinct_416.pdf,AC,2022/02/02,AC,2025/10/20,1615,2025/10/20,0.05257865294,0.00014187034
-104.777547453807,39.6861985959092,"6","29","41","03","0","6294103559","559",https://gis.arapahoegov.com/mapsandphotos/electionprecinctpdfs/Precinct_559.pdf,AC,2022/02/02,AC,2025/10/20,915,2025/10/20,0.03823113133,0.00006901692
-104.78617655345,39.6888115397539,"6","29","41","03","0","6294103558","558",https://gis.arapahoegov.com/mapsandphotos/electionprecinctpdfs/Precinct_558.pdf,AC,2022/02/02,AC,2025/10/20,1108,2025/10/20,0.03193637697,0.00006083948
-104.860855648871,39.6858005858746,"6","29","41","03","0","6294103417","417",https://gis.arapahoegov.com/mapsandphotos/electionprecinctpdfs/Precinct_417.pdf,AC,2022/02/02,AC,2025/10/20,1102,2025/10/20,0.03650948592,0.00007246761
-104.747198828285,39.6424969321867,"4","28","40","03","0","4284003341","341",https://gis.arapahoegov.com/mapsandphotos/electionprecinctpdfs/Precinct_341.pdf,AC,2022/02/02,AC,2025/10/20,1872,2025/10/20,0.04451694212,0.00009781439
-104.824016196785,39.6857306489945,"6","29","41","03","0","6294103436","436",https://gis.arapahoegov.com/mapsandphotos/electionprecinctpdfs/Precinct_436.pdf,AC,2022/02/02,AC,2025/10/20,1475,2025/10/20,0.03365180967,0.00006891106
-104.870586999539,39.6856672152301,"6","29","41","03","0","6294103413","413",https://gis.arapahoegov.com/mapsandphotos/electionprecinctpdfs/Precinct_413.pdf,AC,2022/02/02,AC,2025/10/20,1090,2025/10/20,0.03333792901,0.00006779599
-104.842777566376,39.6855138245504,"6","29","41","03","0","6294103431","431",https://gis.arapahoegov.com/mapsandphotos/electionprecinctpdfs/Precinct_431.pdf,AC,2022/02/02,AC,2025/10/20,653,2025/10/20,0.03244605020,0.00006270889
-104.851530272515,39.6852304009936,"6","29","41","03","0","6294103418","418",https://gis.arapahoegov.com/mapsandphotos/electionprecinctpdfs/Precinct_418.pdf,AC,2022/02/02,AC,2025/10/20,963,2025/10/20,0.03121097058,0.00005831298
-104.879998580544,39.6856786785547,"6","26","09","03","0","6260903412","412",https://gis.arapahoegov.com/mapsandphotos/electionprecinctpdfs/Precinct_412.pdf,AC,2022/02/02,AC,2025/10/20,1605,2025/10/20,0.04316348135,0.00007691959
-104.786444407125,39.6838037557411,"6","29","41","03","0","6294103560","560",https://gis.arapahoegov.com/mapsandphotos/electionprecinctpdfs/Precinct_560.pdf,AC,2022/02/02,AC,2025/10/20,535,2025/10/20,0.02540034351,0.00003237025
-104.800441381538,39.6838836580276,"6","29","41","03","0","6294103564","564",https://gis.arapahoegov.com/mapsandphotos/electionprecinctpdfs/Precinct_564.pdf,AC,2022/02/02,AC,2025/10/20,813,2025/10/20,0.04502990343,0.00006838398
-104.814638967176,39.6803305653977,"6","29","41","03","0","6294103437","437",https://gis.arapahoegov.com/mapsandphotos/electionprecinctpdfs/Precinct_437.pdf,AC,2022/02/02,AC,2025/10/20,1529,2025/10/20,0.04232517709,0.00010601029
-104.777193563192,39.6789272295282,"6","29","41","03","1","6294103473","473",https://gis.arapahoegov.com/mapsandphotos/electionprecinctpdfs/Precinct_473.pdf,AC,2022/02/02,AC,2025/10/20,1111,2025/10/20,0.02992635229,0.00005554188
-104.786044613567,39.677731062261,"6","29","41","03","0","6294103472","472",https://gis.arapahoegov.com/mapsandphotos/electionprecinctpdfs/Precinct_472.pdf,AC,2022/02/02,AC,2025/10/20,1200,2025/10/20,0.03859594412,0.00008381093
-104.797010071,39.6778090672766,"6","29","41","03","0","6294103471","471",https://gis.arapahoegov.com/mapsandphotos/electionprecinctpdfs/Precinct_471.pdf,AC,2022/02/02,AC,2025/10/20,1189,2025/10/20,0.04073952644,0.00010107418
-104.80639119805,39.678430366364,"6","29","41","03","0","6294103470","470",https://gis.arapahoegov.com/mapsandphotos/electionprecinctpdfs/Precinct_470.pdf,AC,2022/02/02,AC,2025/10/20,1228,2025/10/20,0.02907390839,0.00005185497
-104.824495432046,39.6750050213099,"6","29","41","03","0","6294103438","438",https://gis.arapahoegov.com/mapsandphotos/electionprecinctpdfs/Precinct_438.pdf,AC,2022/02/02,AC,2025/10/20,1493,2025/10/20,0.04876732026,0.00012989160
-104.833289208185,39.6784920336184,"6","29","41","03","0","6294103430","430",https://gis.arapahoegov.com/mapsandphotos/electionprecinctpdfs/Precinct_430.pdf,AC,2022/02/02,AC,2025/10/20,1087,2025/10/20,0.03213144156,0.00006399306
-104.842547530018,39.6784758762909,"6","29","41","03","0","6294103429","429",https://gis.arapahoegov.com/mapsandphotos/electionprecinctpdfs/Precinct_429.pdf,AC,2022/02/02,AC,2025/10/20,824,2025/10/20,0.03318781646,0.00006765673
-104.851931802336,39.6784201502269,"6","29","41","03","0","6294103420","420",https://gis.arapahoegov.com/mapsandphotos/electionprecinctpdfs/Precinct_420.pdf,AC,2022/02/02,AC,2025/10/20,1613,2025/10/20,0.03327991918,0.00006798906
-104.861420450799,39.6757589631684,"6","29","41","03","0","6294103419","419",https://gis.arapahoegov.com/mapsandphotos/electionprecinctpdfs/Precinct_419.pdf,AC,2022/02/02,AC,2025/10/20,1140,2025/10/20,0.04409718025,0.00011558138
-104.869811477356,39.6779838798482,"6","29","41","03","0","6294103414","414",https://gis.arapahoegov.com/mapsandphotos/electionprecinctpdfs/Precinct_414.pdf,AC,2022/02/02,AC,2025/10/20,974,2025/10/20,0.03607761825,0.00006950023
-105.008425897943,39.6660806147912,"6","26","03","03","0","6260303104","104",https://gis.arapahoegov.com/mapsandphotos/electionprecinctpdfs/Precinct_104.pdf,AC,2022/02/02,AC,2025/10/20,844,2025/10/20,0.10213062427,0.00026608575
-104.895982121476,39.672274391439,"6","26","09","03","0","6260903404","404",https://gis.arapahoegov.com/mapsandphotos/electionprecinctpdfs/Precinct_404.pdf,AC,2022/02/02,AC,2025/10/20,683,2025/10/20,0.04140938149,0.00006988432
-104.926848061029,39.6718792031914,"1","32","09","03","0","1320903139","139",https://gis.arapahoegov.com/mapsandphotos/electionprecinctpdfs/Precinct_139.pdf,AC,2022/02/02,AC,2025/10/20,731,2025/10/20,0.05934441615,0.00006189190
-104.841973723179,39.6713463262522,"6","29","41","03","0","6294103427","427",https://gis.arapahoegov.com/mapsandphotos/electionprecinctpdfs/Precinct_427.pdf,AC,2022/02/02,AC,2025/10/20,1518,2025/10/20,0.03954629251,0.00007649211
-104.802574716041,39.6711109779667,"6","29","41","03","0","6294103469","469",https://gis.arapahoegov.com/mapsandphotos/electionprecinctpdfs/Precinct_469.pdf,AC,2022/02/02,AC,2025/10/20,756,2025/10/20,0.04469199141,0.00004996361
-104.833076960218,39.671186911712,"6","29","41","03","0","6294103428","428",https://gis.arapahoegov.com/mapsandphotos/electionprecinctpdfs/Precinct_428.pdf,AC,2022/02/02,AC,2025/10/20,1057,2025/10/20,0.02952970141,0.00005611357
-104.816059981046,39.6717319766068,"6","29","41","03","0","6294103439","439",https://gis.arapahoegov.com/mapsandphotos/electionprecinctpdfs/Precinct_439.pdf,AC,2022/02/02,AC,2025/10/20,1025,2025/10/20,0.03461819456,0.00006040893
-104.849643527308,39.6707755839247,"6","29","41","03","0","6294103422","422",https://gis.arapahoegov.com/mapsandphotos/electionprecinctpdfs/Precinct_422.pdf,AC,2022/02/02,AC,2025/10/20,722,2025/10/20,0.02494657261,0.00003292615
-104.855298675618,39.6708831747739,"6","29","41","03","0","6294103421","421",https://gis.arapahoegov.com/mapsandphotos/electionprecinctpdfs/Precinct_421.pdf,AC,2022/02/02,AC,2025/10/20,550,2025/10/20,0.03379657700,0.00004832473
-104.780705725126,39.6709957706922,"6","29","40","03","1","6294003452","452",https://gis.arapahoegov.com/mapsandphotos/electionprecinctpdfs/Precinct_452.pdf,AC,2022/02/02,AC,2025/10/20,1909,2025/10/20,0.05500256084,0.00013545197
-104.882838067886,39.6698621016872,"6","26","09","03","0","6260903407","407",https://gis.arapahoegov.com/mapsandphotos/electionprecinctpdfs/Precinct_407.pdf,AC,2022/02/02,AC,2025/10/20,1451,2025/10/20,0.06367470501,0.00013848035
-104.919925013039,39.6709634065625,"1","32","09","03","0","1320903138","138",https://gis.arapahoegov.com/mapsandphotos/electionprecinctpdfs/Precinct_138.pdf,AC,2022/02/02,AC,2025/10/20,427,2025/10/20,0.02276026221,0.00002893291
-104.794764541573,39.6708626057251,"6","29","41","03","0","6294103451","451",https://gis.arapahoegov.com/mapsandphotos/electionprecinctpdfs/Precinct_451.pdf,AC,2022/02/02,AC,2025/10/20,681,2025/10/20,0.02915170823,0.00004427783
-104.819050167158,39.6614637923342,"6","29","41","03","0","6294103444","444",https://gis.arapahoegov.com/mapsandphotos/electionprecinctpdfs/Precinct_444.pdf,AC,2022/02/02,AC,2025/10/20,719,2025/10/20,0.08694664033,0.00026200495
-104.899726804507,39.6692460637753,"6","26","09","03","0","6260903405","405",https://gis.arapahoegov.com/mapsandphotos/electionprecinctpdfs/Precinct_405.pdf,AC,2022/02/02,AC,2025/10/20,766,2025/10/20,0.02383522360,0.00002713489
-104.856793034781,39.6639521074477,"6","29","41","03","0","6294103423","423",https://gis.arapahoegov.com/mapsandphotos/electionprecinctpdfs/Precinct_423.pdf,AC,2022/02/02,AC,2025/10/20,1468,2025/10/20,0.05873181950,0.00014990871
-104.756890439116,39.6597095118241,"6","28","40","03","0","6284003315","315",https://gis.arapahoegov.com/mapsandphotos/electionprecinctpdfs/Precinct_315.pdf,AC,2022/02/02,AC,2025/10/20,1674,2025/10/20,0.04733205797,0.00007273533
-104.780955614376,39.6631791628849,"6","29","40","03","0","6294003454","454",https://gis.arapahoegov.com/mapsandphotos/electionprecinctpdfs/Precinct_454.pdf,AC,2022/02/02,AC,2025/10/20,939,2025/10/20,0.03235823531,0.00004541270
-104.786862087833,39.6630809610647,"6","29","40","03","0","6294003453","453",https://gis.arapahoegov.com/mapsandphotos/electionprecinctpdfs/Precinct_453.pdf,AC,2022/02/02,AC,2025/10/20,943,2025/10/20,0.03506062519,0.00006251511
-104.796204724721,39.6642004625101,"6","29","41","03","0","6294103468","468",https://gis.arapahoegov.com/mapsandphotos/electionprecinctpdfs/Precinct_468.pdf,AC,2022/02/02,AC,2025/10/20,943,2025/10/20,0.03552119144,0.00007227222
-104.804952715021,39.6630518837622,"6","29","41","03","0","6294103467","467",https://gis.arapahoegov.com/mapsandphotos/electionprecinctpdfs/Precinct_467.pdf,AC,2022/02/02,AC,2025/10/20,991,2025/10/20,0.03386783409,0.00006730619
-104.823909625379,39.6661292385991,"6","29","41","03","0","6294103440","440",https://gis.arapahoegov.com/mapsandphotos/electionprecinctpdfs/Precinct_440.pdf,AC,2022/02/02,AC,2025/10/20,846,2025/10/20,0.02976860458,0.00002725349
-104.834312171146,39.6614591619475,"6","29","41","03","0","6294103442","442",https://gis.arapahoegov.com/mapsandphotos/electionprecinctpdfs/Precinct_442.pdf,AC,2022/02/02,AC,2025/10/20,764,2025/10/20,0.04297413151,0.00005546847
-104.83559333159,39.6654301378092,"6","29","41","03","0","6294103426","426",https://gis.arapahoegov.com/mapsandphotos/electionprecinctpdfs/Precinct_426.pdf,AC,2022/02/02,AC,2025/10/20,780,2025/10/20,0.02506960931,0.00003444580
-104.84299732058,39.6632058695216,"6","29","41","03","0","6294103425","425",https://gis.arapahoegov.com/mapsandphotos/electionprecinctpdfs/Precinct_425.pdf,AC,2022/02/02,AC,2025/10/20,1504,2025/10/20,0.03932230692,0.00007256678
-104.917471363363,39.6623683527158,"1","32","09","03","0","1320903137","137",https://gis.arapahoegov.com/mapsandphotos/electionprecinctpdfs/Precinct_137.pdf,AC,2022/02/02,AC,2025/10/20,930,2025/10/20,0.04239513359,0.00006559307
-104.978183901428,39.6649876466288,"6","26","03","03","0","6260303108","108",https://gis.arapahoegov.com/mapsandphotos/electionprecinctpdfs/Precinct_108.pdf,AC,2022/02/02,AC,2025/10/20,727,2025/10/20,0.02968876782,0.00005071359
-104.985244808875,39.6622768073136,"6","26","03","03","0","6260303107","107",https://gis.arapahoegov.com/mapsandphotos/electionprecinctpdfs/Precinct_107.pdf,AC,2022/02/02,AC,2025/10/20,988,2025/10/20,0.03117699970,0.00005099382
-104.99175103802,39.6612289826552,"6","26","03","03","0","6260303105","105",https://gis.arapahoegov.com/mapsandphotos/electionprecinctpdfs/Precinct_105.pdf,AC,2022/02/02,AC,2025/10/20,1921,2025/10/20,0.04917501013,0.00011341623
-104.768745838496,39.6605693959784,"6","28","40","03","0","6284003313","313",https://gis.arapahoegov.com/mapsandphotos/electionprecinctpdfs/Precinct_313.pdf,AC,2022/02/02,AC,2025/10/20,1142,2025/10/20,0.03127594212,0.00006294056
-104.764272073293,39.6576796663819,"6","28","40","03","0","6284003314","314",https://gis.arapahoegov.com/mapsandphotos/electionprecinctpdfs/Precinct_314.pdf,AC,2022/02/02,AC,2025/10/20,908,2025/10/20,0.05363106590,0.00008428940
-104.826692556338,39.6632488336166,"6","29","41","03","0","6294103441","441",https://gis.arapahoegov.com/mapsandphotos/electionprecinctpdfs/Precinct_441.pdf,AC,2022/02/02,AC,2025/10/20,819,2025/10/20,0.01519407558,0.00001144554
-104.831461165529,39.6599466509246,"6","29","41","03","0","6294103443","443",https://gis.arapahoegov.com/mapsandphotos/electionprecinctpdfs/Precinct_443.pdf,AC,2022/02/02,AC,2025/10/20,531,2025/10/20,0.02209644752,0.00001388136
-104.978206550875,39.6595483849573,"6","26","03","03","0","6260303112","112",https://gis.arapahoegov.com/mapsandphotos/electionprecinctpdfs/Precinct_112.pdf,AC,2022/02/02,AC,2025/10/20,964,2025/10/20,0.02981982004,0.00005180914
-104.795165719125,39.6566798966656,"6","29","41","03","0","6294103465","465",https://gis.arapahoegov.com/mapsandphotos/electionprecinctpdfs/Precinct_465.pdf,AC,2022/02/02,AC,2025/10/20,695,2025/10/20,0.03037896982,0.00005979407
-104.813236608164,39.6566384536806,"6","29","41","03","0","6294103445","445",https://gis.arapahoegov.com/mapsandphotos/electionprecinctpdfs/Precinct_445.pdf,AC,2022/02/02,AC,2025/10/20,722,2025/10/20,0.02838022481,0.00004751964
-104.804832911954,39.6564217810034,"6","29","41","03","0","6294103466","466",https://gis.arapahoegov.com/mapsandphotos/electionprecinctpdfs/Precinct_466.pdf,AC,2022/02/02,AC,2025/10/20,990,2025/10/20,0.03601315944,0.00006996150
-104.787350916319,39.6564354590032,"6","29","40","03","0","6294003456","456",https://gis.arapahoegov.com/mapsandphotos/electionprecinctpdfs/Precinct_456.pdf,AC,2022/02/02,AC,2025/10/20,856,2025/10/20,0.02908179655,0.00005139301
-104.99696911747,39.6565486229779,"6","26","03","03","0","6260303106","106",https://gis.arapahoegov.com/mapsandphotos/electionprecinctpdfs/Precinct_106.pdf,AC,2022/02/02,AC,2025/10/20,581,2025/10/20,0.03253289722,0.00004916074
-104.847075132298,39.6581734951295,"6","27","40","03","0","6274003424","424",https://gis.arapahoegov.com/mapsandphotos/electionprecinctpdfs/Precinct_424.pdf,AC,2022/02/02,AC,2025/10/20,52,2025/10/20,0.01480660792,0.00000512211
-104.84519195202,39.6317084425859,"6","27","40","03","1","6274003255","255",https://gis.arapahoegov.com/mapsandphotos/electionprecinctpdfs/Precinct_255.pdf,AC,2022/02/02,AC,2025/10/20,201,2025/10/20,0.25197001943,0.00192166489
-104.968082600655,39.6550803458945,"6","26","03","03","0","6260303114","114",https://gis.arapahoegov.com/mapsandphotos/electionprecinctpdfs/Precinct_114.pdf,AC,2022/02/02,AC,2025/10/20,1020,2025/10/20,0.02169279926,0.00002219804
-104.979377769758,39.6549712045385,"6","26","03","03","0","6260303111","111",https://gis.arapahoegov.com/mapsandphotos/electionprecinctpdfs/Precinct_111.pdf,AC,2022/02/02,AC,2025/10/20,1425,2025/10/20,0.04018866196,0.00006018780
-104.761639162339,39.651058519087,"6","29","40","03","0","6294003316","316",https://gis.arapahoegov.com/mapsandphotos/electionprecinctpdfs/Precinct_316.pdf,AC,2022/02/02,AC,2025/10/20,857,2025/10/20,0.03145969813,0.00004318760
-104.769305689871,39.6443429278356,"6","29","40","03","0","6294003301","301",https://gis.arapahoegov.com/mapsandphotos/electionprecinctpdfs/Precinct_301.pdf,AC,2022/02/02,AC,2025/10/20,1135,2025/10/20,0.04751396909,0.00008107657
-104.778293289652,39.6486984280459,"6","29","40","03","0","6294003459","459",https://gis.arapahoegov.com/mapsandphotos/electionprecinctpdfs/Precinct_459.pdf,AC,2022/02/02,AC,2025/10/20,1364,2025/10/20,0.04373731055,0.00008066265
-104.786688694662,39.6497104301982,"6","29","40","03","0","6294003458","458",https://gis.arapahoegov.com/mapsandphotos/electionprecinctpdfs/Precinct_458.pdf,AC,2022/02/02,AC,2025/10/20,1245,2025/10/20,0.04230007416,0.00006365314
-104.797213578386,39.6513375592232,"6","29","40","03","0","6294003464","464",https://gis.arapahoegov.com/mapsandphotos/electionprecinctpdfs/Precinct_464.pdf,AC,2022/02/02,AC,2025/10/20,940,2025/10/20,0.03100153072,0.00004085470
-104.806836174121,39.6464872472175,"6","29","40","03","0","6294003462","462",https://gis.arapahoegov.com/mapsandphotos/electionprecinctpdfs/Precinct_462.pdf,AC,2022/02/02,AC,2025/10/20,1265,2025/10/20,0.04564584423,0.00008858950
-104.812455026965,39.6457953051204,"6","29","40","03","1","6294003447","447",https://gis.arapahoegov.com/mapsandphotos/electionprecinctpdfs/Precinct_447.pdf,AC,2022/02/02,AC,2025/10/20,1664,2025/10/20,0.03853413507,0.00006823927
-104.82096609658,39.6477681032949,"6","29","40","03","0","6294003446","446",https://gis.arapahoegov.com/mapsandphotos/electionprecinctpdfs/Precinct_446.pdf,AC,2022/02/02,AC,2025/10/20,835,2025/10/20,0.06127784139,0.00014240817
-104.880018581464,39.6376263545093,"6","26","37","03","0","6263703254","254",https://gis.arapahoegov.com/mapsandphotos/electionprecinctpdfs/Precinct_254.pdf,AC,2022/02/02,AC,2025/10/20,436,2025/10/20,0.04980916287,0.00010205874
-104.936335423362,39.6458468870868,"6","26","03","03","0","6260303134","134",https://gis.arapahoegov.com/mapsandphotos/electionprecinctpdfs/Precinct_134.pdf,AC,2022/02/02,AC,2025/10/20,576,2025/10/20,0.04707187184,0.00012891320
-104.994938453339,39.6493851233463,"6","26","03","03","0","6260303115","115",https://gis.arapahoegov.com/mapsandphotos/electionprecinctpdfs/Precinct_115.pdf,AC,2022/02/02,AC,2025/10/20,1260,2025/10/20,0.04448302596,0.00010703897
-104.76520619794,39.6473004317147,"6","29","40","03","0","6294003317","317",https://gis.arapahoegov.com/mapsandphotos/electionprecinctpdfs/Precinct_317.pdf,AC,2022/02/02,AC,2025/10/20,1100,2025/10/20,0.02819301366,0.00004261585
-104.796575153591,39.6456190087601,"6","29","40","03","0","6294003463","463",https://gis.arapahoegov.com/mapsandphotos/electionprecinctpdfs/Precinct_463.pdf,AC,2022/02/02,AC,2025/10/20,1480,2025/10/20,0.04954592261,0.00008943236
-104.983019300436,39.6458344127962,"6","26","03","03","0","6260303118","118",https://gis.arapahoegov.com/mapsandphotos/electionprecinctpdfs/Precinct_118.pdf,AC,2022/02/02,AC,2025/10/20,934,2025/10/20,0.03333090935,0.00006848718
-104.777830443424,39.6421098689927,"6","29","40","03","0","6294003450","450",https://gis.arapahoegov.com/mapsandphotos/electionprecinctpdfs/Precinct_450.pdf,AC,2022/02/02,AC,2025/10/20,1162,2025/10/20,0.03961482224,0.00007657812
-104.787749045326,39.6418126680316,"6","29","40","03","0","6294003449","449",https://gis.arapahoegov.com/mapsandphotos/electionprecinctpdfs/Precinct_449.pdf,AC,2022/02/02,AC,2025/10/20,1169,2025/10/20,0.03039822332,0.00005219944
-104.824226662772,39.6421537687644,"6","29","40","03","0","6294003448","448",https://gis.arapahoegov.com/mapsandphotos/electionprecinctpdfs/Precinct_448.pdf,AC,2022/02/02,AC,2025/10/20,1679,2025/10/20,0.03381822184,0.00006737346
-104.758237865936,39.6440432731111,"6","29","40","03","0","6294003319","319",https://gis.arapahoegov.com/mapsandphotos/electionprecinctpdfs/Precinct_319.pdf,AC,2022/02/02,AC,2025/10/20,1930,2025/10/20,0.04785436749,0.00010377463
-104.924676670591,39.6418331554324,"6","26","03","03","0","6260303136","136",https://gis.arapahoegov.com/mapsandphotos/electionprecinctpdfs/Precinct_136.pdf,AC,2022/02/02,AC,2025/10/20,945,2025/10/20,0.04738240746,0.00010210990
-104.993929342735,39.6420228030622,"6","26","03","03","0","6260303116","116",https://gis.arapahoegov.com/mapsandphotos/electionprecinctpdfs/Precinct_116.pdf,AC,2022/02/02,AC,2025/10/20,1313,2025/10/20,0.05516331787,0.00009447242
-104.800198015453,39.6407817818476,"6","29","40","03","0","6294003461","461",https://gis.arapahoegov.com/mapsandphotos/electionprecinctpdfs/Precinct_461.pdf,AC,2022/02/02,AC,2025/10/20,1352,2025/10/20,0.03923303043,0.00005513892
-104.983106055182,39.6394635094964,"6","26","03","03","0","6260303119","119",https://gis.arapahoegov.com/mapsandphotos/electionprecinctpdfs/Precinct_119.pdf,AC,2022/02/02,AC,2025/10/20,904,2025/10/20,0.02964008008,0.00005093787
-104.999035719977,39.6403439751998,"6","26","03","03","0","6260303120","120",https://gis.arapahoegov.com/mapsandphotos/electionprecinctpdfs/Precinct_120.pdf,AC,2022/02/02,AC,2025/10/20,884,2025/10/20,0.03353990320,0.00004742697
-104.773370718043,39.6347872822606,"6","27","40","03","0","6274003302","302",https://gis.arapahoegov.com/mapsandphotos/electionprecinctpdfs/Precinct_302.pdf,AC,2022/02/02,AC,2025/10/20,925,2025/10/20,0.07154124896,0.00017147054
-104.787464944463,39.633909419877,"6","27","40","03","0","6274003303","303",https://gis.arapahoegov.com/mapsandphotos/electionprecinctpdfs/Precinct_303.pdf,AC,2022/02/02,AC,2025/10/20,1128,2025/10/20,0.03652217490,0.00006416075
-104.794974715349,39.6329256468699,"6","27","40","03","0","6274003290","290",https://gis.arapahoegov.com/mapsandphotos/electionprecinctpdfs/Precinct_290.pdf,AC,2022/02/02,AC,2025/10/20,941,2025/10/20,0.03894659302,0.00008037798
-104.804465492791,39.6364311541167,"6","27","40","03","0","6274003291","291",https://gis.arapahoegov.com/mapsandphotos/electionprecinctpdfs/Precinct_291.pdf,AC,2022/02/02,AC,2025/10/20,1122,2025/10/20,0.03136386745,0.00004678490
-104.819837003288,39.6330809870334,"6","27","40","03","0","6274003270","270",https://gis.arapahoegov.com/mapsandphotos/electionprecinctpdfs/Precinct_270.pdf,AC,2022/02/02,AC,2025/10/20,1239,2025/10/20,0.04694344581,0.00006524635
-104.969138612365,39.6313505606149,"6","26","03","03","0","6260303131","131",https://gis.arapahoegov.com/mapsandphotos/electionprecinctpdfs/Precinct_131.pdf,AC,2022/02/02,AC,2025/10/20,1023,2025/10/20,0.06579452422,0.00027215155
-105.000800939965,39.6362122230102,"6","26","03","03","0","6260303121","121",https://gis.arapahoegov.com/mapsandphotos/electionprecinctpdfs/Precinct_121.pdf,AC,2022/02/02,AC,2025/10/20,613,2025/10/20,0.04104863060,0.00006646600
-104.812643206398,39.6319216541726,"6","27","40","03","1","6274003271","271",https://gis.arapahoegov.com/mapsandphotos/electionprecinctpdfs/Precinct_271.pdf,AC,2022/02/02,AC,2025/10/20,1116,2025/10/20,0.04294671376,0.00006526111
-104.824804340043,39.6355359905944,"6","27","40","03","0","6274003269","269",https://gis.arapahoegov.com/mapsandphotos/electionprecinctpdfs/Precinct_269.pdf,AC,2022/02/02,AC,2025/10/20,1365,2025/10/20,0.02747387890,0.00004610337
-104.983189030628,39.6331331484156,"6","26","03","03","0","6260303130","130",https://gis.arapahoegov.com/mapsandphotos/electionprecinctpdfs/Precinct_130.pdf,AC,2022/02/02,AC,2025/10/20,1048,2025/10/20,0.03322779015,0.00006799408
-105.022903981462,39.6301105388657,"6","26","03","03","0","6260303122","122",https://gis.arapahoegov.com/mapsandphotos/electionprecinctpdfs/Precinct_122.pdf,AC,2022/02/02,AC,2025/10/20,1357,2025/10/20,0.10507528810,0.00016709387
-104.804399689792,39.6291492267089,"6","27","40","03","0","6274003275","275",https://gis.arapahoegov.com/mapsandphotos/electionprecinctpdfs/Precinct_275.pdf,AC,2022/02/02,AC,2025/10/20,1224,2025/10/20,0.04742669796,0.00012395498
-104.994345705945,39.6322119899617,"6","26","03","03","0","6260303123","123",https://gis.arapahoegov.com/mapsandphotos/electionprecinctpdfs/Precinct_123.pdf,AC,2022/02/02,AC,2025/10/20,1070,2025/10/20,0.03663291072,0.00007009957
-104.767960177328,39.6288006355904,"6","27","40","03","0","6274003306","306",https://gis.arapahoegov.com/mapsandphotos/electionprecinctpdfs/Precinct_306.pdf,AC,2022/02/02,AC,2025/10/20,915,2025/10/20,0.02737704437,0.00004578046
-104.999766055679,39.6270060493748,"6","26","03","03","0","6260303124","124",https://gis.arapahoegov.com/mapsandphotos/electionprecinctpdfs/Precinct_124.pdf,AC,2022/02/02,AC,2025/10/20,1150,2025/10/20,0.07003170887,0.00015593966
-104.770851503004,39.6267793127145,"6","27","40","03","0","6274003307","307",https://gis.arapahoegov.com/mapsandphotos/electionprecinctpdfs/Precinct_307.pdf,AC,2022/02/02,AC,2025/10/20,906,2025/10/20,0.04369157302,0.00004020343
-104.779549224373,39.6269072358454,"6","27","40","03","0","6274003305","305",https://gis.arapahoegov.com/mapsandphotos/electionprecinctpdfs/Precinct_305.pdf,AC,2022/02/02,AC,2025/10/20,825,2025/10/20,0.03856930949,0.00005073246
-104.758356866876,39.6308248659128,"6","27","61","03","0","6276103320","320",https://gis.arapahoegov.com/mapsandphotos/electionprecinctpdfs/Precinct_320.pdf,AC,2022/02/02,AC,2025/10/20,1837,2025/10/20,0.05002740506,0.00012677751
-104.775420020173,39.659919106995,"6","29","40","03","0","6294003455","455",https://gis.arapahoegov.com/mapsandphotos/electionprecinctpdfs/Precinct_455.pdf,AC,2022/02/02,AC,2025/10/20,1334,2025/10/20,0.04135698457,0.00008236641
-104.780919438333,39.6554383588849,"6","29","40","03","0","6294003457","457",https://gis.arapahoegov.com/mapsandphotos/electionprecinctpdfs/Precinct_457.pdf,AC,2022/02/02,AC,2025/10/20,711,2025/10/20,0.02023900765,0.00002361650
-104.817628823749,39.6270584449851,"6","27","40","03","0","6274003273","273",https://gis.arapahoegov.com/mapsandphotos/electionprecinctpdfs/Precinct_273.pdf,AC,2022/02/02,AC,2025/10/20,1177,2025/10/20,0.03173772351,0.00005070799
-104.869998942128,39.6205957877102,"6","26","37","03","0","6263703253","253",https://gis.arapahoegov.com/mapsandphotos/electionprecinctpdfs/Precinct_253.pdf,AC,2022/02/02,AC,2025/10/20,1714,2025/10/20,0.16673007007,0.00016312441
-104.787288050965,39.6270011839825,"6","27","40","03","0","6274003304","304",https://gis.arapahoegov.com/mapsandphotos/electionprecinctpdfs/Precinct_304.pdf,AC,2022/02/02,AC,2025/10/20,999,2025/10/20,0.03229972443,0.00004153669
-104.983242801218,39.6267849862719,"6","26","03","03","0","6260303129","129",https://gis.arapahoegov.com/mapsandphotos/electionprecinctpdfs/Precinct_129.pdf,AC,2022/02/02,AC,2025/10/20,677,2025/10/20,0.02968727374,0.00005121797
-105.011790991009,39.6196819798275,"6","16","38","03","0","6163803153","153",https://gis.arapahoegov.com/mapsandphotos/electionprecinctpdfs/Precinct_153.pdf,AC,2022/02/02,AC,2025/10/20,1545,2025/10/20,0.05205267219,0.00014139592
-105.019753036996,39.6239383940228,"6","16","38","03","0","6163803151","151",https://gis.arapahoegov.com/mapsandphotos/electionprecinctpdfs/Precinct_151.pdf,AC,2022/02/02,AC,2025/10/20,1021,2025/10/20,0.06026080351,0.00008240714
-105.039259560603,39.6230863863359,"6","16","38","03","0","6163803142","142",https://gis.arapahoegov.com/mapsandphotos/electionprecinctpdfs/Precinct_142.pdf,AC,2022/02/02,AC,2025/10/20,949,2025/10/20,0.04134773316,0.00008335093
-104.903451785264,39.6251538953748,"6","26","03","03","0","6260303230","230",https://gis.arapahoegov.com/mapsandphotos/electionprecinctpdfs/Precinct_230.pdf,AC,2022/02/02,AC,2025/10/20,0,2025/10/20,0.00708515926,0.00000209144
-104.787417136206,39.6209154485636,"6","27","61","03","0","6276103277","277",https://gis.arapahoegov.com/mapsandphotos/electionprecinctpdfs/Precinct_277.pdf,AC,2022/02/02,AC,2025/10/20,917,2025/10/20,0.03691899459,0.00005890043
-104.80153382243,39.6220361502711,"6","27","61","03","0","6276103264","264",https://gis.arapahoegov.com/mapsandphotos/electionprecinctpdfs/Precinct_264.pdf,AC,2022/02/02,AC,2025/10/20,1263,2025/10/20,0.04750679899,0.00007262656
-104.758539977915,39.6188296757666,"6","27","61","03","0","6276103321","321",https://gis.arapahoegov.com/mapsandphotos/electionprecinctpdfs/Precinct_321.pdf,AC,2022/02/02,AC,2025/10/20,1340,2025/10/20,0.04078570469,0.00009677117
-104.767806407784,39.620404517338,"6","27","61","03","0","6276103308","308",https://gis.arapahoegov.com/mapsandphotos/electionprecinctpdfs/Precinct_308.pdf,AC,2022/02/02,AC,2025/10/20,1201,2025/10/20,0.03335004050,0.00006598167
-104.777272455698,39.6222072726892,"6","27","61","03","0","6276103309","309",https://gis.arapahoegov.com/mapsandphotos/electionprecinctpdfs/Precinct_309.pdf,AC,2022/02/02,AC,2025/10/20,682,2025/10/20,0.03292280194,0.00003553398
-104.814421674133,39.6188026352052,"6","27","40","03","0","6274003274","274",https://gis.arapahoegov.com/mapsandphotos/electionprecinctpdfs/Precinct_274.pdf,AC,2022/02/02,AC,2025/10/20,1050,2025/10/20,0.05082152113,0.00008774223
-104.88238586747,39.61736542776,"6","26","37","03","0","6263703232","232",https://gis.arapahoegov.com/mapsandphotos/electionprecinctpdfs/Precinct_232.pdf,AC,2022/02/02,AC,2025/10/20,1657,2025/10/20,0.05404570500,0.00018417049
-104.893244651086,39.6172365985011,"6","26","37","03","0","6263703231","231",https://gis.arapahoegov.com/mapsandphotos/electionprecinctpdfs/Precinct_231.pdf,AC,2022/02/02,AC,2025/10/20,1164,2025/10/20,0.05302869342,0.00013194357
-104.908158392277,39.6144339246449,"6","26","37","03","0","6263703229","229",https://gis.arapahoegov.com/mapsandphotos/electionprecinctpdfs/Precinct_229.pdf,AC,2022/02/02,AC,2025/10/20,1254,2025/10/20,0.10495778086,0.00045650314
-104.964149894665,39.6163909513493,"6","26","37","03","0","6263703203","203",https://gis.arapahoegov.com/mapsandphotos/electionprecinctpdfs/Precinct_203.pdf,AC,2022/02/02,AC,2025/10/20,752,2025/10/20,0.05331813923,0.00014229499
-104.974408685207,39.6204562001246,"6","26","37","03","0","6263703201","201",https://gis.arapahoegov.com/mapsandphotos/electionprecinctpdfs/Precinct_201.pdf,AC,2022/02/02,AC,2025/10/20,405,2025/10/20,0.04431247928,0.00007463408
-104.982591726063,39.6213521130907,"6","26","03","03","1","6260303128","128",https://gis.arapahoegov.com/mapsandphotos/electionprecinctpdfs/Precinct_128.pdf,AC,2022/02/02,AC,2025/10/20,435,2025/10/20,0.02359520125,0.00002930293
-104.988014691572,39.620769683857,"6","26","03","03","0","6260303125","125",https://gis.arapahoegov.com/mapsandphotos/electionprecinctpdfs/Precinct_125.pdf,AC,2022/02/02,AC,2025/10/20,682,2025/10/20,0.04105364896,0.00004942071
-104.99733962826,39.6195606683329,"6","16","38","03","0","6163803162","162",https://gis.arapahoegov.com/mapsandphotos/electionprecinctpdfs/Precinct_162.pdf,AC,2022/02/02,AC,2025/10/20,934,2025/10/20,0.03336401120,0.00004482062
-105.031722725994,39.617427412125,"6","16","38","03","0","6163803143","143",https://gis.arapahoegov.com/mapsandphotos/electionprecinctpdfs/Precinct_143.pdf,AC,2022/02/02,AC,2025/10/20,1559,2025/10/20,0.04731432496,0.00010978198
-104.781359084479,39.6197328254105,"6","27","61","03","0","6276103276","276",https://gis.arapahoegov.com/mapsandphotos/electionprecinctpdfs/Precinct_276.pdf,AC,2022/02/02,AC,2025/10/20,323,2025/10/20,0.01888543316,0.00001884108
-104.795111363274,39.616409890813,"6","27","61","03","0","6276103262","262",https://gis.arapahoegov.com/mapsandphotos/electionprecinctpdfs/Precinct_262.pdf,AC,2022/02/02,AC,2025/10/20,1357,2025/10/20,0.03730203901,0.00007120518
-104.988524263517,39.6163039827518,"6","16","38","03","0","6163803126","126",https://gis.arapahoegov.com/mapsandphotos/electionprecinctpdfs/Precinct_126.pdf,AC,2022/02/02,AC,2025/10/20,1036,2025/10/20,0.05046196834,0.00008859446
-104.777528297003,39.6161183569565,"6","27","61","03","0","6276103279","279",https://gis.arapahoegov.com/mapsandphotos/electionprecinctpdfs/Precinct_279.pdf,AC,2022/02/02,AC,2025/10/20,963,2025/10/20,0.03373565351,0.00005777945
-104.803422761122,39.6157551693811,"6","27","61","03","0","6276103263","263",https://gis.arapahoegov.com/mapsandphotos/electionprecinctpdfs/Precinct_263.pdf,AC,2022/02/02,AC,2025/10/20,1055,2025/10/20,0.04442380640,0.00007130124
-105.002594110701,39.6165634608556,"6","16","38","03","0","6163803161","161",https://gis.arapahoegov.com/mapsandphotos/electionprecinctpdfs/Precinct_161.pdf,AC,2022/02/02,AC,2025/10/20,819,2025/10/20,0.03330226494,0.00006009697
-104.76930122429,39.6135518130655,"6","27","61","03","0","6276103280","280",https://gis.arapahoegov.com/mapsandphotos/electionprecinctpdfs/Precinct_280.pdf,AC,2022/02/02,AC,2025/10/20,1238,2025/10/20,0.03268576493,0.00006043554
-104.787935965446,39.6158605003717,"6","27","61","03","0","6276103278","278",https://gis.arapahoegov.com/mapsandphotos/electionprecinctpdfs/Precinct_278.pdf,AC,2022/02/02,AC,2025/10/20,524,2025/10/20,0.02796697035,0.00002883467
-104.871256710178,39.6131982119348,"6","26","37","03","0","6263703249","249",https://gis.arapahoegov.com/mapsandphotos/electionprecinctpdfs/Precinct_249.pdf,AC,2022/02/02,AC,2025/10/20,871,2025/10/20,0.03361549198,0.00006930542
-104.973633488546,39.6129226093528,"6","26","37","03","0","6263703202","202",https://gis.arapahoegov.com/mapsandphotos/electionprecinctpdfs/Precinct_202.pdf,AC,2022/02/02,AC,2025/10/20,376,2025/10/20,0.04453306517,0.00007934893
-104.99047534954,39.6072150555918,"6","16","38","03","0","6163803163","163",https://gis.arapahoegov.com/mapsandphotos/electionprecinctpdfs/Precinct_163.pdf,AC,2022/02/02,AC,2025/10/20,884,2025/10/20,0.04734285546,0.00008649911
-104.761860003469,39.610473914631,"6","27","61","03","0","6276103205","205",https://gis.arapahoegov.com/mapsandphotos/electionprecinctpdfs/Precinct_205.pdf,AC,2022/02/02,AC,2025/10/20,1203,2025/10/20,0.03738949309,0.00007392837
-104.782399808979,39.6119172291791,"6","27","61","03","0","6276103281","281",https://gis.arapahoegov.com/mapsandphotos/electionprecinctpdfs/Precinct_281.pdf,AC,2022/02/02,AC,2025/10/20,1245,2025/10/20,0.04477755037,0.00006395141
-105.015948494809,39.6071166924267,"6","16","38","03","0","6163803154","154",https://gis.arapahoegov.com/mapsandphotos/electionprecinctpdfs/Precinct_154.pdf,AC,2022/02/02,AC,2025/10/20,1200,2025/10/20,0.04498175537,0.00012032021
-104.740640792672,39.6095959435069,"6","27","61","03","1","6276103333","333",https://gis.arapahoegov.com/mapsandphotos/electionprecinctpdfs/Precinct_333.pdf,AC,2022/02/02,AC,2025/10/20,729,2025/10/20,0.03939750554,0.00004638810
-104.982695646021,39.6071558772228,"6","16","38","03","0","6163803164","164",https://gis.arapahoegov.com/mapsandphotos/electionprecinctpdfs/Precinct_164.pdf,AC,2022/02/02,AC,2025/10/20,864,2025/10/20,0.04179046906,0.00007724028
-104.997785504531,39.6086202740104,"6","16","38","03","0","6163803160","160",https://gis.arapahoegov.com/mapsandphotos/electionprecinctpdfs/Precinct_160.pdf,AC,2022/02/02,AC,2025/10/20,934,2025/10/20,0.04293219225,0.00008719485
-105.004511789381,39.6078040465507,"6","16","38","03","0","6163803159","159",https://gis.arapahoegov.com/mapsandphotos/electionprecinctpdfs/Precinct_159.pdf,AC,2022/02/02,AC,2025/10/20,885,2025/10/20,0.03116737373,0.00005125025
-105.00917829969,39.6052352949507,"6","16","38","03","0","6163803158","158",https://gis.arapahoegov.com/mapsandphotos/electionprecinctpdfs/Precinct_158.pdf,AC,2022/02/02,AC,2025/10/20,944,2025/10/20,0.04196679309,0.00007469028
-105.03151845212,39.5917224652708,"6","16","38","03","0","6163803150","150",https://gis.arapahoegov.com/mapsandphotos/electionprecinctpdfs/Precinct_150.pdf,AC,2022/02/02,AC,2025/10/20,1305,2025/10/20,0.13697414850,0.00041588843
-104.788005716466,39.6004532417795,"6","27","61","03","0","6276103261","261",https://gis.arapahoegov.com/mapsandphotos/electionprecinctpdfs/Precinct_261.pdf,AC,2022/02/02,AC,2025/10/20,1692,2025/10/20,0.06143169895,0.00015459767
-104.854401889838,39.6069353854151,"6","26","37","03","0","6263703245","245",https://gis.arapahoegov.com/mapsandphotos/electionprecinctpdfs/Precinct_245.pdf,AC,2022/02/02,AC,2025/10/20,514,2025/10/20,0.02160771919,0.00002466010
-104.909361106892,39.6060605172873,"6","16","37","03","0","6163703228","228",https://gis.arapahoegov.com/mapsandphotos/electionprecinctpdfs/Precinct_228.pdf,AC,2022/02/02,AC,2025/10/20,925,2025/10/20,0.03945934940,0.00007605345
-104.918269896093,39.6053753695569,"6","16","37","03","0","6163703227","227",https://gis.arapahoegov.com/mapsandphotos/electionprecinctpdfs/Precinct_227.pdf,AC,2022/02/02,AC,2025/10/20,726,2025/10/20,0.03279547689,0.00005204269
-104.927535552965,39.6059442313428,"6","16","37","03","0","6163703209","209",https://gis.arapahoegov.com/mapsandphotos/electionprecinctpdfs/Precinct_209.pdf,AC,2022/02/02,AC,2025/10/20,1033,2025/10/20,0.03334213525,0.00006814818
-104.954919792885,39.6056727796031,"6","16","38","03","0","6163803127","127",https://gis.arapahoegov.com/mapsandphotos/electionprecinctpdfs/Precinct_127.pdf,AC,2022/02/02,AC,2025/10/20,692,2025/10/20,0.03228442944,0.00005957641
-104.937905622722,39.6045620031633,"6","16","37","03","1","6163703208","208",https://gis.arapahoegov.com/mapsandphotos/electionprecinctpdfs/Precinct_208.pdf,AC,2022/02/02,AC,2025/10/20,1162,2025/10/20,0.05410538164,0.00009638647
-104.94638433304,39.6056590623311,"6","16","38","03","1","6163803140","140",https://gis.arapahoegov.com/mapsandphotos/electionprecinctpdfs/Precinct_140.pdf,AC,2022/02/02,AC,2025/10/20,757,2025/10/20,0.03145838485,0.00006085421
-104.968062236599,39.6033446343465,"6","16","38","03","0","6163803180","180",https://gis.arapahoegov.com/mapsandphotos/electionprecinctpdfs/Precinct_180.pdf,AC,2022/02/02,AC,2025/10/20,1501,2025/10/20,0.07152428659,0.00019482112
-104.844519903678,39.599342941259,"6","27","37","03","0","6273703244","244",https://gis.arapahoegov.com/mapsandphotos/electionprecinctpdfs/Precinct_244.pdf,AC,2022/02/02,AC,2025/10/20,1519,2025/10/20,0.14073574491,0.00038960609
-104.878914428657,39.601796698709,"6","26","37","03","0","6263703248","248",https://gis.arapahoegov.com/mapsandphotos/electionprecinctpdfs/Precinct_248.pdf,AC,2022/02/02,AC,2025/10/20,674,2025/10/20,0.03260493038,0.00002432478
-104.884975301795,39.6001068819142,"6","26","37","03","0","6263703234","234",https://gis.arapahoegov.com/mapsandphotos/electionprecinctpdfs/Precinct_234.pdf,AC,2022/02/02,AC,2025/10/20,1463,2025/10/20,0.12798774567,0.00029738545
-104.930563026439,39.5985688461526,"6","16","37","03","0","6163703210","210",https://gis.arapahoegov.com/mapsandphotos/electionprecinctpdfs/Precinct_210.pdf,AC,2022/02/02,AC,2025/10/20,1654,2025/10/20,0.05646856409,0.00011104130
-104.768554230652,39.5823217918269,"6","27","37","03","1","6273703213","213",https://gis.arapahoegov.com/mapsandphotos/electionprecinctpdfs/Precinct_213.pdf,AC,2022/02/02,AC,2025/10/20,1534,2025/10/20,0.12933956615,0.00058757920
-104.992188431138,39.5996896839973,"6","16","38","03","0","6163803166","166",https://gis.arapahoegov.com/mapsandphotos/electionprecinctpdfs/Precinct_166.pdf,AC,2022/02/02,AC,2025/10/20,462,2025/10/20,0.03912838710,0.00005657079
-104.900133725247,39.5990226040693,"6","27","37","03","0","6273703233","233",https://gis.arapahoegov.com/mapsandphotos/electionprecinctpdfs/Precinct_233.pdf,AC,2022/02/02,AC,2025/10/20,1051,2025/10/20,0.03744957098,0.00005551017
-104.907998526251,39.5984692667898,"6","16","37","03","0","6163703226","226",https://gis.arapahoegov.com/mapsandphotos/electionprecinctpdfs/Precinct_226.pdf,AC,2022/02/02,AC,2025/10/20,732,2025/10/20,0.03222563716,0.00005278105
-104.917005532972,39.5988030741252,"6","16","37","03","0","6163703225","225",https://gis.arapahoegov.com/mapsandphotos/electionprecinctpdfs/Precinct_225.pdf,AC,2022/02/02,AC,2025/10/20,987,2025/10/20,0.05021520618,0.00008330920
-104.949826823973,39.5987071030624,"6","16","38","03","0","6163803145","145",https://gis.arapahoegov.com/mapsandphotos/electionprecinctpdfs/Precinct_145.pdf,AC,2022/02/02,AC,2025/10/20,1186,2025/10/20,0.05321808854,0.00012188833
-105.00181053617,39.5978419593119,"6","16","38","03","0","6163803165","165",https://gis.arapahoegov.com/mapsandphotos/electionprecinctpdfs/Precinct_165.pdf,AC,2022/02/02,AC,2025/10/20,1064,2025/10/20,0.03713424656,0.00008142260
-104.982898667486,39.5984754198147,"6","16","38","03","0","6163803179","179",https://gis.arapahoegov.com/mapsandphotos/electionprecinctpdfs/Precinct_179.pdf,AC,2022/02/02,AC,2025/10/20,707,2025/10/20,0.04263468660,0.00006535458
-105.017824988086,39.5883411342178,"6","16","38","03","0","6163803155","155",https://gis.arapahoegov.com/mapsandphotos/electionprecinctpdfs/Precinct_155.pdf,AC,2022/02/02,AC,2025/10/20,1233,2025/10/20,0.07418012097,0.00015560454
-104.972016120774,39.5983949482799,"6","16","38","03","0","6163803182","182",https://gis.arapahoegov.com/mapsandphotos/electionprecinctpdfs/Precinct_182.pdf,AC,2022/02/02,AC,2025/10/20,967,2025/10/20,0.03562888184,0.00007294183
-104.992779632438,39.5936300543862,"6","16","38","03","0","6163803167","167",https://gis.arapahoegov.com/mapsandphotos/electionprecinctpdfs/Precinct_167.pdf,AC,2022/02/02,AC,2025/10/20,955,2025/10/20,0.03531308097,0.00006388044
-104.784086786056,39.5875565216265,"6","27","37","03","0","6273703207","207",https://gis.arapahoegov.com/mapsandphotos/electionprecinctpdfs/Precinct_207.pdf,AC,2022/02/02,AC,2025/10/20,622,2025/10/20,0.07541570700,0.00031300095
-105.002711779362,39.5872236637321,"6","16","38","03","0","6163803168","168",https://gis.arapahoegov.com/mapsandphotos/electionprecinctpdfs/Precinct_168.pdf,AC,2022/02/02,AC,2025/10/20,991,2025/10/20,0.04644649696,0.00012121648
-104.888899332089,39.5909248189402,"6","27","37","03","0","6273703236","236",https://gis.arapahoegov.com/mapsandphotos/electionprecinctpdfs/Precinct_236.pdf,AC,2022/02/02,AC,2025/10/20,675,2025/10/20,0.03934110499,0.00007838998
-104.899196505881,39.5916456086147,"6","27","37","03","0","6273703235","235",https://gis.arapahoegov.com/mapsandphotos/electionprecinctpdfs/Precinct_235.pdf,AC,2022/02/02,AC,2025/10/20,728,2025/10/20,0.03426247332,0.00007131844
-104.907511422114,39.591921581494,"6","16","37","03","0","6163703224","224",https://gis.arapahoegov.com/mapsandphotos/electionprecinctpdfs/Precinct_224.pdf,AC,2022/02/02,AC,2025/10/20,899,2025/10/20,0.02627500951,0.00004328720
-104.949714110606,39.5932109182776,"6","16","38","03","0","6163803197","197",https://gis.arapahoegov.com/mapsandphotos/electionprecinctpdfs/Precinct_197.pdf,AC,2022/02/02,AC,2025/10/20,736,2025/10/20,0.03834819005,0.00005402530
-104.917507577023,39.5921257914593,"6","16","37","03","0","6163703223","223",https://gis.arapahoegov.com/mapsandphotos/electionprecinctpdfs/Precinct_223.pdf,AC,2022/02/02,AC,2025/10/20,1108,2025/10/20,0.03861853080,0.00006666403
-104.936847143349,39.5915130349722,"6","16","37","03","0","6163703211","211",https://gis.arapahoegov.com/mapsandphotos/electionprecinctpdfs/Precinct_211.pdf,AC,2022/02/02,AC,2025/10/20,949,2025/10/20,0.03234453214,0.00006417597
-104.927767544339,39.5915594794935,"6","16","37","03","0","6163703212","212",https://gis.arapahoegov.com/mapsandphotos/electionprecinctpdfs/Precinct_212.pdf,AC,2022/02/02,AC,2025/10/20,1293,2025/10/20,0.03275970911,0.00006606519
-104.969850262442,39.5915968695961,"6","16","38","03","0","6163803183","183",https://gis.arapahoegov.com/mapsandphotos/electionprecinctpdfs/Precinct_183.pdf,AC,2022/02/02,AC,2025/10/20,1369,2025/10/20,0.05156360919,0.00012537960
-104.95101298468,39.590630578487,"6","16","38","03","0","6163803196","196",https://gis.arapahoegov.com/mapsandphotos/electionprecinctpdfs/Precinct_196.pdf,AC,2022/02/02,AC,2025/10/20,654,2025/10/20,0.05343018270,0.00006809262
-104.98321334354,39.592088342721,"6","16","38","03","0","6163803178","178",https://gis.arapahoegov.com/mapsandphotos/electionprecinctpdfs/Precinct_178.pdf,AC,2022/02/02,AC,2025/10/20,926,2025/10/20,0.03692485685,0.00005756394
-105.011941876204,39.5913953180272,"6","16","38","03","0","6163803156","156",https://gis.arapahoegov.com/mapsandphotos/electionprecinctpdfs/Precinct_156.pdf,AC,2022/02/02,AC,2025/10/20,1175,2025/10/20,0.04788977759,0.00013182652
-104.956379423412,39.5842889096876,"6","16","38","03","0","6163803194","194",https://gis.arapahoegov.com/mapsandphotos/electionprecinctpdfs/Precinct_194.pdf,AC,2022/02/02,AC,2025/10/20,1258,2025/10/20,0.04194477084,0.00006221312
-104.993014179572,39.5855291171116,"6","16","38","03","0","6163803169","169",https://gis.arapahoegov.com/mapsandphotos/electionprecinctpdfs/Precinct_169.pdf,AC,2022/02/02,AC,2025/10/20,1132,2025/10/20,0.04314226839,0.00009150889
-104.908013021759,39.5855684134886,"6","16","37","03","0","6163703222","222",https://gis.arapahoegov.com/mapsandphotos/electionprecinctpdfs/Precinct_222.pdf,AC,2022/02/02,AC,2025/10/20,959,2025/10/20,0.03366258568,0.00005650800
-104.916525771161,39.584510491999,"6","16","37","03","0","6163703221","221",https://gis.arapahoegov.com/mapsandphotos/electionprecinctpdfs/Precinct_221.pdf,AC,2022/02/02,AC,2025/10/20,817,2025/10/20,0.04455260987,0.00010473743
-104.963872959813,39.5846702362156,"6","16","38","03","0","6163803185","185",https://gis.arapahoegov.com/mapsandphotos/electionprecinctpdfs/Precinct_185.pdf,AC,2022/02/02,AC,2025/10/20,960,2025/10/20,0.03775190452,0.00005695489
-104.947516396825,39.5849696100329,"6","16","38","03","0","6163803195","195",https://gis.arapahoegov.com/mapsandphotos/electionprecinctpdfs/Precinct_195.pdf,AC,2022/02/02,AC,2025/10/20,1059,2025/10/20,0.04621159423,0.00008825115
-104.97030250161,39.5848841642893,"6","16","38","03","0","6163803184","184",https://gis.arapahoegov.com/mapsandphotos/electionprecinctpdfs/Precinct_184.pdf,AC,2022/02/02,AC,2025/10/20,726,2025/10/20,0.03178429960,0.00005338558
-104.980609208011,39.5853562482786,"6","16","38","03","0","6163803177","177",https://gis.arapahoegov.com/mapsandphotos/electionprecinctpdfs/Precinct_177.pdf,AC,2022/02/02,AC,2025/10/20,997,2025/10/20,0.04682279848,0.00007806217
-104.926908866558,39.5844171757536,"6","16","37","03","0","6163703214","214",https://gis.arapahoegov.com/mapsandphotos/electionprecinctpdfs/Precinct_214.pdf,AC,2022/02/02,AC,2025/10/20,883,2025/10/20,0.03308279851,0.00006215130
-104.885776293875,39.5834550239718,"6","27","37","03","0","6273703238","238",https://gis.arapahoegov.com/mapsandphotos/electionprecinctpdfs/Precinct_238.pdf,AC,2022/02/02,AC,2025/10/20,911,2025/10/20,0.06012179305,0.00009603768
-104.936379464966,39.5842118124688,"6","16","37","03","0","6163703148","148",https://gis.arapahoegov.com/mapsandphotos/electionprecinctpdfs/Precinct_148.pdf,AC,2022/02/02,AC,2025/10/20,1057,2025/10/20,0.03955102282,0.00007725175
-104.897276732979,39.584749813423,"6","27","37","03","0","6273703237","237",https://gis.arapahoegov.com/mapsandphotos/electionprecinctpdfs/Precinct_237.pdf,AC,2022/02/02,AC,2025/10/20,1221,2025/10/20,0.04921048207,0.00009058503
-104.908956165647,39.5772623144692,"6","16","37","03","0","6163703220","220",https://gis.arapahoegov.com/mapsandphotos/electionprecinctpdfs/Precinct_220.pdf,AC,2022/02/02,AC,2025/10/20,903,2025/10/20,0.03391063481,0.00006162837
-104.918346043178,39.5769125687143,"6","16","37","03","0","6163703219","219",https://gis.arapahoegov.com/mapsandphotos/electionprecinctpdfs/Precinct_219.pdf,AC,2022/02/02,AC,2025/10/20,1173,2025/10/20,0.03297520698,0.00006669345
-105.015024068595,39.577447950722,"6","16","38","03","0","6163803171","171",https://gis.arapahoegov.com/mapsandphotos/electionprecinctpdfs/Precinct_171.pdf,AC,2022/02/02,AC,2025/10/20,1534,2025/10/20,0.05808773966,0.00011509218
-104.926952787225,39.5760679606841,"6","16","37","03","0","6163703181","181",https://gis.arapahoegov.com/mapsandphotos/electionprecinctpdfs/Precinct_181.pdf,AC,2022/02/02,AC,2025/10/20,931,2025/10/20,0.04080836713,0.00007450370
-104.933876535424,39.5727225470379,"6","16","37","03","0","6163703157","157",https://gis.arapahoegov.com/mapsandphotos/electionprecinctpdfs/Precinct_157.pdf,AC,2022/02/02,AC,2025/10/20,709,2025/10/20,0.06419553477,0.00017777236
-104.965737809241,39.5773772593465,"6","16","38","03","0","6163803187","187",https://gis.arapahoegov.com/mapsandphotos/electionprecinctpdfs/Precinct_187.pdf,AC,2022/02/02,AC,2025/10/20,938,2025/10/20,0.03868138891,0.00007198898
-104.953949857015,39.5774263505738,"6","16","38","03","0","6163803193","193",https://gis.arapahoegov.com/mapsandphotos/electionprecinctpdfs/Precinct_193.pdf,AC,2022/02/02,AC,2025/10/20,885,2025/10/20,0.03557674341,0.00005980143
-104.944915967567,39.5751780362685,"6","16","38","03","0","6163803192","192",https://gis.arapahoegov.com/mapsandphotos/electionprecinctpdfs/Precinct_192.pdf,AC,2022/02/02,AC,2025/10/20,1111,2025/10/20,0.03863484920,0.00007753687
-104.974884526851,39.5768261077693,"6","16","38","03","0","6163803186","186",https://gis.arapahoegov.com/mapsandphotos/electionprecinctpdfs/Precinct_186.pdf,AC,2022/02/02,AC,2025/10/20,962,2025/10/20,0.03197279183,0.00005719135
-104.995500304736,39.5787667401446,"6","16","38","03","0","6163803172","172",https://gis.arapahoegov.com/mapsandphotos/electionprecinctpdfs/Precinct_172.pdf,AC,2022/02/02,AC,2025/10/20,850,2025/10/20,0.04687834328,0.00005807119
-104.99922739153,39.575636454553,"6","16","38","03","0","6163803174","174",https://gis.arapahoegov.com/mapsandphotos/electionprecinctpdfs/Precinct_174.pdf,AC,2022/02/02,AC,2025/10/20,724,2025/10/20,0.04564013655,0.00007255068
-104.957307633123,39.5713736371873,"6","16","38","03","0","6163803190","190",https://gis.arapahoegov.com/mapsandphotos/electionprecinctpdfs/Precinct_190.pdf,AC,2022/02/02,AC,2025/10/20,1309,2025/10/20,0.03729616144,0.00006897533
-104.949004454216,39.5695423409493,"6","16","38","03","1","6163803191","191",https://gis.arapahoegov.com/mapsandphotos/electionprecinctpdfs/Precinct_191.pdf,AC,2022/02/02,AC,2025/10/20,905,2025/10/20,0.03921609549,0.00006553034
-104.908986382203,39.5700827585135,"6","16","37","03","0","6163703218","218",https://gis.arapahoegov.com/mapsandphotos/electionprecinctpdfs/Precinct_218.pdf,AC,2022/02/02,AC,2025/10/20,954,2025/10/20,0.03616040627,0.00007443761
-104.918294201864,39.5696492002258,"6","16","37","03","0","6163703217","217",https://gis.arapahoegov.com/mapsandphotos/electionprecinctpdfs/Precinct_217.pdf,AC,2022/02/02,AC,2025/10/20,882,2025/10/20,0.03476737696,0.00006847049
-104.749669494176,39.6129759567691,"6","27","61","03","0","6276103332","332",https://gis.arapahoegov.com/mapsandphotos/electionprecinctpdfs/Precinct_332.pdf,AC,2022/02/02,AC,2025/10/20,1104,2025/10/20,0.03648832373,0.00006610185
-104.748422470341,39.6190128411741,"6","27","61","03","0","6276103339","339",https://gis.arapahoegov.com/mapsandphotos/electionprecinctpdfs/Precinct_339.pdf,AC,2022/02/02,AC,2025/10/20,1321,2025/10/20,0.03996707780,0.00006701256
-104.743040528191,39.621342603975,"6","27","61","03","0","6276103338","338",https://gis.arapahoegov.com/mapsandphotos/electionprecinctpdfs/Precinct_338.pdf,AC,2022/02/02,AC,2025/10/20,1048,2025/10/20,0.03707206180,0.00005211044
-104.763735205765,39.60514118803,"6","27","61","03","0","6276103283","283",https://gis.arapahoegov.com/mapsandphotos/electionprecinctpdfs/Precinct_283.pdf,AC,2022/02/02,AC,2025/10/20,1048,2025/10/20,0.05395984072,0.00010752676
-104.85226701218,39.7290894005001,"6","28","42","03","0","6284203508","508",https://gis.arapahoegov.com/mapsandphotos/electionprecinctpdfs/Precinct_508.pdf,AC,2022/02/02,AC,2025/10/20,794,2025/10/20,0.03601763753,0.00007321055
-104.918009423292,39.6313760108786,"6","26","03","03","0","6260303135","135",https://gis.arapahoegov.com/mapsandphotos/electionprecinctpdfs/Precinct_135.pdf,AC,2022/02/02,AC,2025/10/20,392,2025/10/20,0.04776840739,0.00013613471
-104.941100879823,39.6313826345044,"6","26","03","03","0","6260303133","133",https://gis.arapahoegov.com/mapsandphotos/electionprecinctpdfs/Precinct_133.pdf,AC,2022/02/02,AC,2025/10/20,1023,2025/10/20,0.10310042263,0.00053360360
-104.941635987848,39.6167549272739,"6","26","37","03","0","6263703204","204",https://gis.arapahoegov.com/mapsandphotos/electionprecinctpdfs/Precinct_204.pdf,AC,2022/02/02,AC,2025/10/20,1672,2025/10/20,0.10741906242,0.00054797528
-105.03544595699,39.5992774308005,"6","16","38","03","0","6163803149","149",https://gis.arapahoegov.com/mapsandphotos/electionprecinctpdfs/Precinct_149.pdf,AC,2022/02/02,AC,2025/10/20,1499,2025/10/20,0.08469805979,0.00028188075
-104.743823595858,39.5851874127107,"6","27","37","03","0","6273703216","216",https://gis.arapahoegov.com/mapsandphotos/electionprecinctpdfs/Precinct_216.pdf,AC,2022/02/02,AC,2025/10/20,306,2025/10/20,0.09286478387,0.00015971695
-104.734594881294,39.5917379143969,"6","27","61","03","0","6276103329","329",https://gis.arapahoegov.com/mapsandphotos/electionprecinctpdfs/Precinct_329.pdf,AC,2022/02/02,AC,2025/10/20,1388,2025/10/20,0.08281422590,0.00013863465
-104.712687708242,39.5940070884376,"6","27","61","03","0","6276103380","380",https://gis.arapahoegov.com/mapsandphotos/electionprecinctpdfs/Precinct_380.pdf,AC,2022/02/02,AC,2025/10/20,1108,2025/10/20,0.04249268859,0.00011213659
-104.898811126455,39.5763456377098,"6","27","37","03","0","6273703239","239",https://gis.arapahoegov.com/mapsandphotos/electionprecinctpdfs/Precinct_239.pdf,AC,2022/02/02,AC,2025/10/20,890,2025/10/20,0.04022323182,0.00006074594
-104.729526497255,39.5816557505108,"6","27","61","03","0","6276103327","327",https://gis.arapahoegov.com/mapsandphotos/electionprecinctpdfs/Precinct_327.pdf,AC,2022/02/02,AC,2025/10/20,1280,2025/10/20,0.09017665027,0.00017057959
-104.731713570495,39.620468433549,"4","27","61","03","0","4276103337","337",https://gis.arapahoegov.com/mapsandphotos/electionprecinctpdfs/Precinct_337.pdf,AC,2022/02/02,AC,2025/10/20,1502,2025/10/20,0.04888109488,0.00011750092
-104.796554256916,39.6259129317429,"6","27","61","03","0","6276103288","288",https://gis.arapahoegov.com/mapsandphotos/electionprecinctpdfs/Precinct_288.pdf,AC,2022/02/02,AC,2025/10/20,0,2025/10/20,0.01473907340,0.00001320721
-104.796909456524,39.5920477528548,"6","27","37","03","0","6273703206","206",https://gis.arapahoegov.com/mapsandphotos/electionprecinctpdfs/Precinct_206.pdf,AC,2022/02/02,AC,2025/10/20,46,2025/10/20,0.03751287801,0.00004650397
-104.826116653922,39.627617828181,"6","27","40","03","0","6274003272","272",https://gis.arapahoegov.com/mapsandphotos/electionprecinctpdfs/Precinct_272.pdf,AC,2022/02/02,AC,2025/10/20,560,2025/10/20,0.03875998125,0.00003899976
-104.793236105865,39.6256874275669,"6","27","61","03","0","6276103289","289",https://gis.arapahoegov.com/mapsandphotos/electionprecinctpdfs/Precinct_289.pdf,AC,2022/02/02,AC,2025/10/20,0,2025/10/20,0.01104871778,0.00000665509
-104.66942097991,39.6457561447796,"6","28","36","03","0","6283603349","349",https://gis.arapahoegov.com/mapsandphotos/electionprecinctpdfs/Precinct_349.pdf,AC,2022/02/02,AC,2025/10/20,0,2025/10/20,0.06700895300,0.00027746768
-104.647395425678,39.7245682917581,"4","28","36","03","1","4283603361","361",https://gis.arapahoegov.com/mapsandphotos/electionprecinctpdfs/Precinct_361.pdf,AC,2022/02/02,AC,2025/10/20,1713,2025/10/20,0.19530885635,0.00077914389
-105.027470381353,39.6386713197424,"6","26","03","03","0","6260303103","103",https://gis.arapahoegov.com/mapsandphotos/electionprecinctpdfs/Precinct_103.pdf,AC,2022/02/02,AC,2025/10/20,869,2025/10/20,0.04109523911,0.00006920927
-104.959744149763,39.6549104107193,"6","26","03","03","0","6260303113","113",https://gis.arapahoegov.com/mapsandphotos/electionprecinctpdfs/Precinct_113.pdf,AC,2022/02/02,AC,2025/10/20,749,2025/10/20,0.03056610426,0.00003832649
-104.970861752792,39.6610737205068,"6","26","03","03","0","6260303109","109",https://gis.arapahoegov.com/mapsandphotos/electionprecinctpdfs/Precinct_109.pdf,AC,2022/02/02,AC,2025/10/20,677,2025/10/20,0.02982210899,0.00004673350
-104.963242914017,39.6588829819085,"6","26","03","03","0","6260303110","110",https://gis.arapahoegov.com/mapsandphotos/electionprecinctpdfs/Precinct_110.pdf,AC,2022/02/02,AC,2025/10/20,530,2025/10/20,0.02596498398,0.00003388351
-104.959223976253,39.6456909048568,"6","26","03","03","0","6260303132","132",https://gis.arapahoegov.com/mapsandphotos/electionprecinctpdfs/Precinct_132.pdf,AC,2022/02/02,AC,2025/10/20,1142,2025/10/20,0.10557873186,0.00053244260
-105.048855006666,39.6235381869819,"6","16","38","03","0","6163803141","141",https://gis.arapahoegov.com/mapsandphotos/electionprecinctpdfs/Precinct_141.pdf,AC,2022/02/02,AC,2025/10/20,477,2025/10/20,0.05293442590,0.00014718219
-105.044172454511,39.6136631125837,"6","16","38","03","0","6163803144","144",https://gis.arapahoegov.com/mapsandphotos/electionprecinctpdfs/Precinct_144.pdf,AC,2022/02/02,AC,2025/10/20,841,2025/10/20,0.05864685039,0.00013000616
-105.041517202096,39.5736134524941,"6","16","38","03","0","6163803170","170",https://gis.arapahoegov.com/mapsandphotos/electionprecinctpdfs/Precinct_170.pdf,AC,2022/02/02,AC,2025/10/20,1323,2025/10/20,0.07957125749,0.00036269380
-105.018616982154,39.5703900635071,"6","16","38","03","0","6163803176","176",https://gis.arapahoegov.com/mapsandphotos/electionprecinctpdfs/Precinct_176.pdf,AC,2022/02/02,AC,2025/10/20,1391,2025/10/20,0.08624885219,0.00021503597
-104.991236400347,39.569806427996,"6","16","38","03","0","6163803175","175",https://gis.arapahoegov.com/mapsandphotos/electionprecinctpdfs/Precinct_175.pdf,AC,2022/02/02,AC,2025/10/20,994,2025/10/20,0.07943015034,0.00020829957
-104.983423384256,39.5785773232205,"6","16","38","03","0","6163803173","173",https://gis.arapahoegov.com/mapsandphotos/electionprecinctpdfs/Precinct_173.pdf,AC,2022/02/02,AC,2025/10/20,1497,2025/10/20,0.04800573054,0.00010552590
-104.96548930604,39.5701676229361,"6","16","38","03","0","6163803189","189",https://gis.arapahoegov.com/mapsandphotos/electionprecinctpdfs/Precinct_189.pdf,AC,2022/02/02,AC,2025/10/20,1115,2025/10/20,0.04073346912,0.00007657759
-104.973729436298,39.5699657971478,"6","16","38","03","0","6163803188","188",https://gis.arapahoegov.com/mapsandphotos/electionprecinctpdfs/Precinct_188.pdf,AC,2022/02/02,AC,2025/10/20,658,2025/10/20,0.03176633789,0.00004490805
-104.889187401842,39.570367881822,"6","27","37","03","0","6273703242","242",https://gis.arapahoegov.com/mapsandphotos/electionprecinctpdfs/Precinct_242.pdf,AC,2022/02/02,AC,2025/10/20,747,2025/10/20,0.03074283685,0.00005437614
-104.899049938855,39.5696867117905,"6","27","37","03","0","6273703241","241",https://gis.arapahoegov.com/mapsandphotos/electionprecinctpdfs/Precinct_241.pdf,AC,2022/02/02,AC,2025/10/20,1056,2025/10/20,0.04789482282,0.00008589649
-104.883012846511,39.5741611662386,"6","27","37","03","0","6273703240","240",https://gis.arapahoegov.com/mapsandphotos/electionprecinctpdfs/Precinct_240.pdf,AC,2022/02/02,AC,2025/10/20,1822,2025/10/20,0.07483673916,0.00023740405
-104.834036324228,39.5792874752998,"6","27","37","03","0","6273703243","243",https://gis.arapahoegov.com/mapsandphotos/electionprecinctpdfs/Precinct_243.pdf,AC,2022/02/02,AC,2025/10/20,1668,2025/10/20,0.16544487026,0.00135790609
-104.748872224512,39.5710345227987,"6","27","61","03","1","6276103215","215",https://gis.arapahoegov.com/mapsandphotos/electionprecinctpdfs/Precinct_215.pdf,AC,2022/02/02,AC,2025/10/20,1351,2025/10/20,0.16125727194,0.00064232671
-103.927304783685,39.6496515965671,"4","21","56","03","0","4215603365","365",https://gis.arapahoegov.com/mapsandphotos/electionprecinctpdfs/Precinct_365.pdf,AC,2022/02/02,AC,2025/10/20,1082,2025/10/20,1.27990358626,0.07609648614
-104.900090383333,39.6849343003334,"6","32","09","03","0","6320903402","402",https://gis.arapahoegov.com/mapsandphotos/electionprecinctpdfs/Precinct_402.pdf,AC,2022/02/02,AC,2025/10/20,0,2025/10/20,0.01081393336,0.00000452230
-104.883895046481,39.6817099241559,"6","26","09","03","0","6260903410","410",https://gis.arapahoegov.com/mapsandphotos/electionprecinctpdfs/Precinct_410.pdf,AC,2022/02/02,AC,2025/10/20,1328,2025/10/20,0.06838222018,0.00013054643
-104.888400029754,39.6782020388219,"6","26","09","03","0","6260903406","406",https://gis.arapahoegov.com/mapsandphotos/electionprecinctpdfs/Precinct_406.pdf,AC,2022/02/02,AC,2025/10/20,573,2025/10/20,0.02761998626,0.00004716033
-104.898325256778,39.693795837755,"6","26","09","03","0","6260903401","401",https://gis.arapahoegov.com/mapsandphotos/electionprecinctpdfs/Precinct_401.pdf,AC,2022/02/02,AC,2025/10/20,1193,2025/10/20,0.05188941498,0.00005729902
-104.896582346251,39.6772995750799,"6","26","09","03","1","6260903403","403",https://gis.arapahoegov.com/mapsandphotos/electionprecinctpdfs/Precinct_403.pdf,AC,2022/02/02,AC,2025/10/20,797,2025/10/20,0.03782390757,0.00004951043
-104.906138967865,39.6807684725546,"6","32","09","03","1","6320903415","415",https://gis.arapahoegov.com/mapsandphotos/electionprecinctpdfs/Precinct_415.pdf,AC,2022/02/02,AC,2025/10/20,186,2025/10/20,0.03581985098,0.00002160208
-104.719644354344,39.7172156592757,"6","28","36","03","0","6283603502","502",https://gis.arapahoegov.com/mapsandphotos/electionprecinctpdfs/Precinct_502.pdf,AC,2022/02/02,AC,2025/10/20,2970,2025/10/20,0.16881000490,0.00145192176
-104.858628663272,39.6194752343003,"6","26","37","03","1","6263703252","252",https://gis.arapahoegov.com/mapsandphotos/electionprecinctpdfs/Precinct_252.pdf,AC,2022/02/02,AC,2025/10/20,1493,2025/10/20,0.07282987781,0.00020213364
-104.858578678146,39.6124281670889,"6","26","37","03","0","6263703251","251",https://gis.arapahoegov.com/mapsandphotos/electionprecinctpdfs/Precinct_251.pdf,AC,2022/02/02,AC,2025/10/20,1551,2025/10/20,0.05476912558,0.00009457695
-104.782061489257,39.6068522696274,"6","27","61","03","0","6276103282","282",https://gis.arapahoegov.com/mapsandphotos/electionprecinctpdfs/Precinct_282.pdf,AC,2022/02/02,AC,2025/10/20,1644,2025/10/20,0.04910258001,0.00011417147
-104.866289705365,39.6078163867751,"6","26","37","03","0","6263703250","250",https://gis.arapahoegov.com/mapsandphotos/electionprecinctpdfs/Precinct_250.pdf,AC,2022/02/02,AC,2025/10/20,1040,2025/10/20,0.05115448537,0.00006677523
-104.871137946995,39.6020303365543,"6","26","37","03","0","6263703247","247",https://gis.arapahoegov.com/mapsandphotos/electionprecinctpdfs/Precinct_247.pdf,AC,2022/02/02,AC,2025/10/20,1617,2025/10/20,0.03615211531,0.00008023909
-104.757866905494,39.5998233191475,"6","27","61","03","1","6276103267","267",https://gis.arapahoegov.com/mapsandphotos/electionprecinctpdfs/Precinct_267.pdf,AC,2022/02/02,AC,2025/10/20,1747,2025/10/20,0.10030328490,0.00023982011
-104.80800866997,39.5849289473891,"6","27","37","03","0","6273703259","259",https://gis.arapahoegov.com/mapsandphotos/electionprecinctpdfs/Precinct_259.pdf,AC,2022/02/02,AC,2025/10/20,1810,2025/10/20,0.08434051148,0.00016345430
-104.698327257282,39.5833426382119,"6","27","61","03","0","6276103354","354",https://gis.arapahoegov.com/mapsandphotos/electionprecinctpdfs/Precinct_354.pdf,AC,2022/02/02,AC,2025/10/20,1818,2025/10/20,0.06650904893,0.00017839048
-104.705049913448,39.6050673912949,"6","27","61","03","1","6276103352","352",https://gis.arapahoegov.com/mapsandphotos/electionprecinctpdfs/Precinct_352.pdf,AC,2022/02/02,AC,2025/10/20,2405,2025/10/20,0.08512467660,0.00031586376
-104.801545140683,39.6052356059484,"6","27","61","03","1","6276103257","257",https://gis.arapahoegov.com/mapsandphotos/electionprecinctpdfs/Precinct_257.pdf,AC,2022/02/02,AC,2025/10/20,1332,2025/10/20,0.07907614273,0.00022898376
-104.796837661911,39.573280920959,"6","27","37","03","0","6273703260","260",https://gis.arapahoegov.com/mapsandphotos/electionprecinctpdfs/Precinct_260.pdf,AC,2022/02/02,AC,2025/10/20,2078,2025/10/20,0.07107534721,0.00022700704
-104.747658409012,39.6270729693685,"4","27","40","03","0","4274003370","370",https://gis.arapahoegov.com/mapsandphotos/electionprecinctpdfs/Precinct_370.pdf,AC,2022/02/02,AC,2025/10/20,1743,2025/10/20,0.04806968551,0.00008427897
-104.751803467004,39.6630517868255,"6","28","36","03","0","6283603371","371",https://gis.arapahoegov.com/mapsandphotos/electionprecinctpdfs/Precinct_371.pdf,AC,2022/02/02,AC,2025/10/20,1061,2025/10/20,0.05666904246,0.00008613301
-104.681584325571,39.6044775236275,"6","27","56","03","1","6275603373","373",https://gis.arapahoegov.com/mapsandphotos/electionprecinctpdfs/Precinct_373.pdf,AC,2022/02/02,AC,2025/10/20,1305,2025/10/20,0.07035433430,0.00013803254
-104.811401519816,39.603929657056,"6","27","37","03","0","6273703284","284",https://gis.arapahoegov.com/mapsandphotos/electionprecinctpdfs/Precinct_284.pdf,AC,2022/02/02,AC,2025/10/20,944,2025/10/20,0.05903360180,0.00010218290
-104.776209442953,39.6000603478858,"6","27","61","03","0","6276103285","285",https://gis.arapahoegov.com/mapsandphotos/electionprecinctpdfs/Precinct_285.pdf,AC,2022/02/02,AC,2025/10/20,823,2025/10/20,0.03530653068,0.00005579796
-104.742361078357,39.6028985377602,"6","27","61","03","0","6276103265","265",https://gis.arapahoegov.com/mapsandphotos/electionprecinctpdfs/Precinct_265.pdf,AC,2022/02/02,AC,2025/10/20,735,2025/10/20,0.06300001173,0.00013631456
-104.744401563479,39.6338999784005,"4","27","40","03","0","4274003369","369",https://gis.arapahoegov.com/mapsandphotos/electionprecinctpdfs/Precinct_369.pdf,AC,2022/02/02,AC,2025/10/20,2313,2025/10/20,0.06106854252,0.00015776826
-104.705548428216,39.6924129162998,"6","28","36","03","0","6283603562","562",https://gis.arapahoegov.com/mapsandphotos/electionprecinctpdfs/Precinct_562.pdf,AC,2022/02/02,AC,2025/10/20,1995,2025/10/20,0.05655014845,0.00014529398
-104.694361001401,39.7299290590806,"6","28","36","03","0","6283603561","561",https://gis.arapahoegov.com/mapsandphotos/electionprecinctpdfs/Precinct_561.pdf,AC,2022/02/02,AC,2025/10/20,1921,2025/10/20,0.13351561579,0.00068304226
-104.698531797663,39.5712004049306,"6","27","61","03","0","6276103266","266",https://gis.arapahoegov.com/mapsandphotos/electionprecinctpdfs/Precinct_266.pdf,AC,2022/02/02,AC,2025/10/20,1760,2025/10/20,0.06899793217,0.00019697007
-104.715271659983,39.582623510302,"6","27","61","03","0","6276103375","375",https://gis.arapahoegov.com/mapsandphotos/electionprecinctpdfs/Precinct_375.pdf,AC,2022/02/02,AC,2025/10/20,1619,2025/10/20,0.05194659978,0.00011726935
-104.734391560342,39.6104353555125,"4","27","61","03","1","4276103334","334",https://gis.arapahoegov.com/mapsandphotos/electionprecinctpdfs/Precinct_334.pdf,AC,2022/02/02,AC,2025/10/20,1497,2025/10/20,0.05348471921,0.00008521268
-104.726863568955,39.5985522609725,"6","27","61","03","0","6276103330","330",https://gis.arapahoegov.com/mapsandphotos/electionprecinctpdfs/Precinct_330.pdf,AC,2022/02/02,AC,2025/10/20,1970,2025/10/20,0.08696747247,0.00019572035
-104.724640406655,39.6090182384545,"4","27","61","03","0","4276103335","335",https://gis.arapahoegov.com/mapsandphotos/electionprecinctpdfs/Precinct_335.pdf,AC,2022/02/02,AC,2025/10/20,1801,2025/10/20,0.04770227125,0.00008512325
-104.721769900128,39.6181639073057,"4","27","61","03","0","4276103336","336",https://gis.arapahoegov.com/mapsandphotos/electionprecinctpdfs/Precinct_336.pdf,AC,2022/02/02,AC,2025/10/20,1597,2025/10/20,0.03940251853,0.00007711648
-104.71904339485,39.6065934904839,"4","27","61","03","0","4276103368","368",https://gis.arapahoegov.com/mapsandphotos/electionprecinctpdfs/Precinct_368.pdf,AC,2022/02/02,AC,2025/10/20,739,2025/10/20,0.03529912704,0.00004304290
-104.708304563114,39.6248082124492,"6","27","61","03","0","6276103351","351",https://gis.arapahoegov.com/mapsandphotos/electionprecinctpdfs/Precinct_351.pdf,AC,2022/02/02,AC,2025/10/20,2119,2025/10/20,0.06906151234,0.00020658346
-104.72339327743,39.6305204114298,"4","27","40","03","1","4274003387","387",https://gis.arapahoegov.com/mapsandphotos/electionprecinctpdfs/Precinct_387.pdf,AC,2022/02/02,AC,2025/10/20,1319,2025/10/20,0.06381571025,0.00011534390
-104.697241800584,39.6313883792712,"4","27","61","03","1","4276103350","350",https://gis.arapahoegov.com/mapsandphotos/electionprecinctpdfs/Precinct_350.pdf,AC,2022/02/02,AC,2025/10/20,6,2025/10/20,0.15682221889,0.00046473081
-104.664243960793,39.6535178624588,"4","28","36","03","1","4283603358","358",https://gis.arapahoegov.com/mapsandphotos/electionprecinctpdfs/Precinct_358.pdf,AC,2022/02/02,AC,2025/10/20,3,2025/10/20,0.33288481245,0.00324932776
-104.72300724247,39.6911916482849,"6","28","36","03","0","6283603501","501",https://gis.arapahoegov.com/mapsandphotos/electionprecinctpdfs/Precinct_501.pdf,AC,2022/02/02,AC,2025/10/20,776,2025/10/20,0.13788973878,0.00052059540
-104.76006260716,39.6785775920947,"6","28","36","03","1","6283603311","311",https://gis.arapahoegov.com/mapsandphotos/electionprecinctpdfs/Precinct_311.pdf,AC,2022/02/02,AC,2025/10/20,1270,2025/10/20,0.03976861788,0.00009023896
-104.728211364493,39.6699941720546,"6","28","36","03","0","6283603344","344",https://gis.arapahoegov.com/mapsandphotos/electionprecinctpdfs/Precinct_344.pdf,AC,2022/02/02,AC,2025/10/20,2231,2025/10/20,0.17629764537,0.00110246816
-104.759915049226,39.7069545422819,"6","28","36","03","1","6283603551","551",https://gis.arapahoegov.com/mapsandphotos/electionprecinctpdfs/Precinct_551.pdf,AC,2022/02/02,AC,2025/10/20,929,2025/10/20,0.20512391590,0.00161469053
-104.759986157748,39.690101573344,"6","28","36","03","0","6283603557","557",https://gis.arapahoegov.com/mapsandphotos/electionprecinctpdfs/Precinct_557.pdf,AC,2022/02/02,AC,2025/10/20,1840,2025/10/20,0.05856537103,0.00017622457
-104.768586774885,39.6877229319962,"6","28","36","03","0","6283603556","556",https://gis.arapahoegov.com/mapsandphotos/electionprecinctpdfs/Precinct_556.pdf,AC,2022/02/02,AC,2025/10/20,1607,2025/10/20,0.04305790553,0.00009503902
-104.76866387057,39.6737406866123,"6","28","40","03","1","6284003310","310",https://gis.arapahoegov.com/mapsandphotos/electionprecinctpdfs/Precinct_310.pdf,AC,2022/02/02,AC,2025/10/20,1093,2025/10/20,0.03198291310,0.00006068321
-104.764057397016,39.6682278218113,"6","28","40","03","0","6284003312","312",https://gis.arapahoegov.com/mapsandphotos/electionprecinctpdfs/Precinct_312.pdf,AC,2022/02/02,AC,2025/10/20,1898,2025/10/20,0.05655932100,0.00009806324
-104.350743393097,39.6513737119788,"4","21","56","03","1","4215603363","363",https://gis.arapahoegov.com/mapsandphotos/electionprecinctpdfs/Precinct_363.pdf,AC,2022/02/02,AC,2025/10/20,2043,2025/10/20,0.61018892034,0.02280338921
-105.02956703285,39.6494485870838,"6","26","03","03","0","6260303101","101",https://gis.arapahoegov.com/mapsandphotos/electionprecinctpdfs/Precinct_101.pdf,AC,2022/02/02,AC,2025/10/20,1610,2025/10/20,0.04887845784,0.00012356439
-105.014334137337,39.6468168498723,"6","26","03","03","0","6260303102","102",https://gis.arapahoegov.com/mapsandphotos/electionprecinctpdfs/Precinct_102.pdf,AC,2022/02/02,AC,2025/10/20,1389,2025/10/20,0.11596688347,0.00049006895
-104.550390270098,39.6430165098359,"4","27","56","03","1","4275603357","357",https://gis.arapahoegov.com/mapsandphotos/electionprecinctpdfs/Precinct_357.pdf,AC,2022/02/02,AC,2025/10/20,731,2025/10/20,0.79345720080,0.01717839970
-104.660102543535,39.5716461754191,"6","27","61","03","1","6276103388","388",https://gis.arapahoegov.com/mapsandphotos/electionprecinctpdfs/Precinct_388.pdf,AC,2022/02/02,AC,2025/10/20,1439,2025/10/20,0.09280640679,0.00034585629
-104.878784604814,39.6928863099733,"6","26","09","03","0","6260903408","408",https://gis.arapahoegov.com/mapsandphotos/electionprecinctpdfs/Precinct_408.pdf,AC,2022/02/02,AC,2025/10/20,927,2025/10/20,0.02862281158,0.00005042144
-104.689992287679,39.5996900926206,"6","27","61","03","1","6276103378","378",https://gis.arapahoegov.com/mapsandphotos/electionprecinctpdfs/Precinct_378.pdf,AC,2022/02/02,AC,2025/10/20,1982,2025/10/20,0.06225350477,0.00011612559
-104.866837140944,39.5815318563576,"6","27","37","03","0","6273703286","286",https://gis.arapahoegov.com/mapsandphotos/electionprecinctpdfs/Precinct_286.pdf,AC,2022/02/02,AC,2025/10/20,2051,2025/10/20,0.10904724476,0.00051971256
-104.735938578144,39.5884688113159,"6","27","61","03","0","6276103379","379",https://gis.arapahoegov.com/mapsandphotos/electionprecinctpdfs/Precinct_379.pdf,AC,2022/02/02,AC,2025/10/20,1073,2025/10/20,0.05494998936,0.00008753660
-104.738696678478,39.6463249878577,"4","28","40","03","0","4284003343","343",https://gis.arapahoegov.com/mapsandphotos/electionprecinctpdfs/Precinct_343.pdf,AC,2022/02/02,AC,2025/10/20,1435,2025/10/20,0.04966058889,0.00010293036
-104.748366048121,39.6492522486827,"4","28","40","03","1","4284003318","318",https://gis.arapahoegov.com/mapsandphotos/electionprecinctpdfs/Precinct_318.pdf,AC,2022/02/02,AC,2025/10/20,1100,2025/10/20,0.03438818556,0.00006681469
-104.886912042536,39.6930165473224,"6","26","09","03","0","6260903409","409",https://gis.arapahoegov.com/mapsandphotos/electionprecinctpdfs/Precinct_409.pdf,AC,2022/02/02,AC,2025/10/20,1648,2025/10/20,0.03224511555,0.00006647532
-104.700219499404,39.5914767477793,"6","27","61","03","0","6276103353","353",https://gis.arapahoegov.com/mapsandphotos/electionprecinctpdfs/Precinct_353.pdf,AC,2022/02/02,AC,2025/10/20,1195,2025/10/20,0.04654331121,0.00011246661
-104.692489630573,39.7183572174908,"6","28","36","03","0","6283603563","563",https://gis.arapahoegov.com/mapsandphotos/electionprecinctpdfs/Precinct_563.pdf,AC,2022/02/02,AC,2025/10/20,1930,2025/10/20,0.04786177341,0.00013694654
-104.712555264495,39.5730463136453,"6","27","61","03","0","6276103268","268",https://gis.arapahoegov.com/mapsandphotos/electionprecinctpdfs/Precinct_268.pdf,AC,2022/02/02,AC,2025/10/20,1422,2025/10/20,0.05912907871,0.00016307795
-104.673391080318,39.5884001139646,"6","27","56","03","1","6275603355","355",https://gis.arapahoegov.com/mapsandphotos/electionprecinctpdfs/Precinct_355.pdf,AC,2022/02/02,AC,2025/10/20,2591,2025/10/20,0.06152960659,0.00018809521
-104.673711871741,39.6172202127558,"6","27","56","03","1","6275603372","372",https://gis.arapahoegov.com/mapsandphotos/electionprecinctpdfs/Precinct_372.pdf,AC,2022/02/02,AC,2025/10/20,978,2025/10/20,0.24388200559,0.00122932920
-104.980725545707,39.6515608919064,"6","26","03","03","0","6260303117","117",https://gis.arapahoegov.com/mapsandphotos/electionprecinctpdfs/Precinct_117.pdf,AC,2022/02/02,AC,2025/10/20,1426,2025/10/20,0.04020854264,0.00004736202
-104.462255062957,39.6276978696473,"4","27","56","03","1","4275603366","366",https://gis.arapahoegov.com/mapsandphotos/electionprecinctpdfs/Precinct_366.pdf,AC,2022/02/02,AC,2025/10/20,502,2025/10/20,0.57460918663,0.01277202071
-105.048249361205,39.5957241574648,"6","16","38","03","0","6163803147","147",https://gis.arapahoegov.com/mapsandphotos/electionprecinctpdfs/Precinct_147.pdf,AC,2022/02/02,AC,2025/10/20,1511,2025/10/20,0.07989356834,0.00019217352
-105.048264452227,39.606308228409,"6","16","38","03","0","6163803146","146",https://gis.arapahoegov.com/mapsandphotos/electionprecinctpdfs/Precinct_146.pdf,AC,2022/02/02,AC,2025/10/20,840,2025/10/20,0.04709531094,0.00007569345
-104.861969668617,39.6029880892412,"6","26","37","03","0","6263703246","246",https://gis.arapahoegov.com/mapsandphotos/electionprecinctpdfs/Precinct_246.pdf,AC,2022/02/02,AC,2025/10/20,1122,2025/10/20,0.04189638360,0.00005833237
-104.730309863908,39.6457225703729,"6","28","36","03","1","6283603342","342",https://gis.arapahoegov.com/mapsandphotos/electionprecinctpdfs/Precinct_342.pdf,AC,2022/02/02,AC,2025/10/20,2028,2025/10/20,0.04756970268,0.00013465736
-104.73109456403,39.6319390780613,"4","27","40","03","1","4274003340","340",https://gis.arapahoegov.com/mapsandphotos/electionprecinctpdfs/Precinct_340.pdf,AC,2022/02/02,AC,2025/10/20,2374,2025/10/20,0.04631768116,0.00013991333
-104.700588964748,39.6211066971423,"6","27","61","03","1","6276103385","385",https://gis.arapahoegov.com/mapsandphotos/electionprecinctpdfs/Precinct_385.pdf,AC,2022/02/02,AC,2025/10/20,865,2025/10/20,0.05011872618,0.00007987546
-104.685220646779,39.5896038805219,"6","27","61","03","1","6276103383","383",https://gis.arapahoegov.com/mapsandphotos/electionprecinctpdfs/Precinct_383.pdf,AC,2022/02/02,AC,2025/10/20,1445,2025/10/20,0.06140490668,0.00017683145
-104.665628691757,39.5904886853851,"6","27","56","03","1","6275603384","384",https://gis.arapahoegov.com/mapsandphotos/electionprecinctpdfs/Precinct_384.pdf,AC,2022/02/02,AC,2025/10/20,1500,2025/10/20,0.07661253534,0.00014429131
-104.683383250212,39.5742079305454,"6","27","61","03","1","6276103377","377",https://gis.arapahoegov.com/mapsandphotos/electionprecinctpdfs/Precinct_377.pdf,AC,2022/02/02,AC,2025/10/20,1202,2025/10/20,0.09100413115,0.00025952170
-104.807435635092,39.5911405591396,"6","27","37","03","1","6273703256","256",https://gis.arapahoegov.com/mapsandphotos/electionprecinctpdfs/Precinct_256.pdf,AC,2022/02/02,AC,2025/10/20,493,2025/10/20,0.04981394015,0.00010771507
-104.816710868081,39.5995735686412,"6","27","37","03","1","6273703287","287",https://gis.arapahoegov.com/mapsandphotos/electionprecinctpdfs/Precinct_287.pdf,AC,2022/02/02,AC,2025/10/20,197,2025/10/20,0.05481726226,0.00014068976
-104.769786738306,39.6800989804064,"6","28","36","03","1","6283603322","322",https://gis.arapahoegov.com/mapsandphotos/electionprecinctpdfs/Precinct_322.pdf,AC,2022/02/02,AC,2025/10/20,628,2025/10/20,0.02409336210,0.00002285714
-104.757002294459,39.6709715421739,"6","28","40","03","1","6284003386","386",https://gis.arapahoegov.com/mapsandphotos/electionprecinctpdfs/Precinct_386.pdf,AC,2022/02/02,AC,2025/10/20,992,2025/10/20,0.04227772430,0.00004730118
-104.979561633272,39.6206459475149,"6","26","37","03","1","6263703198","198",https://gis.arapahoegov.com/mapsandphotos/electionprecinctpdfs/Precinct_198.pdf,AC,2022/02/02,AC,2025/10/20,62,2025/10/20,0.01686997832,0.00000437496
-104.938993993955,39.5677144351134,"6","16","37","03","1","6163703199","199",https://gis.arapahoegov.com/mapsandphotos/electionprecinctpdfs/Precinct_199.pdf,AC,2022/02/02,AC,2025/10/20,219,2025/10/20,0.02629839154,0.00001844073
-104.735231275019,39.6155055961293,"4","27","61","03","1","4276103382","382",https://gis.arapahoegov.com/mapsandphotos/electionprecinctpdfs/Precinct_382.pdf,AC,2022/02/02,AC,2025/10/20,638,2025/10/20,0.02953357710,0.00003392428
-104.647713658525,39.6904562310366,"6","28","36","03","1","6283603360","360",https://gis.arapahoegov.com/mapsandphotos/electionprecinctpdfs/Precinct_360.pdf,AC,2022/02/02,AC,2025/10/20,1503,2025/10/20,0.40194945320,0.00477731587
-104.636097635072,39.7327056642568,"6","28","36","03","1","6283603359","359",https://gis.arapahoegov.com/mapsandphotos/electionprecinctpdfs/Precinct_359.pdf,AC,2022/02/02,AC,2025/10/20,2,2025/10/20,0.12133908971,0.00039907094
-104.576173589515,39.6964834619116,"4","28","56","03","1","4285603362","362",https://gis.arapahoegov.com/mapsandphotos/electionprecinctpdfs/Precinct_362.pdf,AC,2022/02/02,AC,2025/10/20,516,2025/10/20,0.47557269122,0.00647372922
-104.443025703382,39.7306768728951,"4","21","56","03","1","4215603348","348",https://gis.arapahoegov.com/mapsandphotos/electionprecinctpdfs/Precinct_348.pdf,AC,2022/02/02,AC,2025/10/20,0,2025/10/20,0.06711780210,0.00027779264
-104.75303950042,39.6508401573634,"6","28","40","03","1","6284003389","389",https://gis.arapahoegov.com/mapsandphotos/electionprecinctpdfs/Precinct_389.pdf,AC,2022/02/02,AC,2025/10/20,108,2025/10/20,0.01077217313,0.00000568800
-104.877852498652,39.6492860192124,"6","27","03","03","1","6270303258","258",https://gis.arapahoegov.com/mapsandphotos/electionprecinctpdfs/Precinct_258.pdf,AC,2022/02/02,AC,2025/10/20,825,2025/10/20,0.02564063931,0.00003328572
